date,level_m,qc
2000-01-01,5.133,2
2000-01-02,5.153,2
2000-01-03,5.137,2
2000-01-04,5.144,2
2000-01-05,5.123,2
2000-01-06,5.094,2
2000-01-07,5.118,2
2000-01-08,5.106,2
2000-01-09,5.082,2
2000-01-10,5.036,2
2000-01-11,5.017,2
2000-01-12,5.143,2
2000-01-13,5.421,2
2000-01-14,5.464,2
2000-01-15,5.278,2
2000-01-16,5.136,2
2000-01-17,5.07,2
2000-01-18,5.019,2
2000-01-19,4.968,2
2000-01-20,4.947,2
2000-01-21,4.934,2
2000-01-22,4.912,2
2000-01-23,4.893,2
2000-01-24,4.859,2
2000-01-25,4.851,2
2000-01-26,4.886,2
2000-01-27,4.954,2
2000-01-28,4.974,2
2000-01-29,5.151,2
2000-01-30,5.381,2
2000-01-31,5.367,2
2000-02-01,5.424,2
2000-02-02,5.474,2
2000-02-03,5.388,2
2000-02-04,5.249,2
2000-02-05,5.235,2
2000-02-06,5.192,2
2000-02-07,5.147,2
2000-02-08,5.213,2
2000-02-09,5.312,2
2000-02-10,5.371,2
2000-02-11,5.377,2
2000-02-12,5.306,2
2000-02-13,5.266,2
2000-02-14,5.273,2
2000-02-15,5.218,2
2000-02-16,5.176,2
2000-02-17,5.174,2
2000-02-18,5.147,2
2000-02-19,5.121,2
2000-02-20,5.122,2
2000-02-21,5.054,2
2000-02-22,5.002,2
2000-02-23,5.011,2
2000-02-24,5.059,2
2000-02-25,5.149,2
2000-02-26,5.085,2
2000-02-27,5.006,2
2000-02-28,5.058,2
2000-02-29,5.275,2
2000-03-01,5.367,2
2000-03-02,5.482,2
2000-03-03,5.473,2
2000-03-04,5.592,2
2000-03-05,5.396,2
2000-03-06,5.225,2
2000-03-07,5.205,2
2000-03-08,5.267,2
2000-03-09,5.334,2
2000-03-10,5.228,2
2000-03-11,5.187,2
2000-03-12,5.196,2
2000-03-13,5.129,2
2000-03-14,5.104,2
2000-03-15,5.105,2
2000-03-16,5.059,2
2000-03-17,5.02,2
2000-03-18,5.003,2
2000-03-19,4.98,2
2000-03-20,4.95,2
2000-03-21,4.938,2
2000-03-22,4.926,2
2000-03-23,4.906,2
2000-03-24,4.882,2
2000-03-25,4.885,2
2000-03-26,4.895,2
2000-03-27,4.924,2
2000-03-28,4.929,2
2000-03-29,4.889,2
2000-03-30,4.86,2
2000-03-31,4.85,2
2000-04-01,4.847,2
2000-04-02,4.83,2
2000-04-03,4.831,2
2000-04-04,4.837,2
2000-04-05,4.833,2
2000-04-06,4.804,2
2000-04-07,4.793,2
2000-04-08,4.786,2
2000-04-09,4.781,2
2000-04-10,4.777,2
2000-04-11,4.774,2
2000-04-12,4.774,2
2000-04-13,4.775,2
2000-04-14,4.77,2
2000-04-15,4.764,2
2000-04-16,4.762,2
2000-04-17,4.762,2
2000-04-18,4.754,2
2000-04-19,4.749,2
2000-04-20,4.753,2
2000-04-21,4.749,2
2000-04-22,4.741,2
2000-04-23,4.787,2
2000-04-24,4.896,2
2000-04-25,4.925,2
2000-04-26,4.892,2
2000-04-27,4.852,2
2000-04-28,4.819,2
2000-04-29,4.789,2
2000-04-30,4.764,2
2000-05-01,4.749,2
2000-05-02,4.727,2
2000-05-03,4.709,2
2000-05-04,4.704,2
2000-05-05,4.697,2
2000-05-06,4.688,2
2000-05-07,4.668,2
2000-05-08,4.656,2
2000-05-09,4.653,2
2000-05-10,4.643,2
2000-05-11,4.636,2
2000-05-12,4.622,2
2000-05-13,4.614,2
2000-05-14,4.609,2
2000-05-15,4.603,2
2000-05-16,4.598,2
2000-05-17,4.6,2
2000-05-18,4.616,2
2000-05-19,4.635,2
2000-05-20,4.67,2
2000-05-21,4.664,2
2000-05-22,4.661,2
2000-05-23,4.648,2
2000-05-24,4.676,2
2000-05-25,4.712,2
2000-05-26,4.81,2
2000-05-27,4.793,2
2000-05-28,4.762,2
2000-05-29,4.767,2
2000-05-30,4.792,2
2000-05-31,4.75,2
2000-06-01,,2
2000-06-02,4.767,2
2000-06-03,4.789,2
2000-06-04,4.742,2
2000-06-05,4.719,2
2000-06-06,4.714,2
2000-06-07,4.738,2
2000-06-08,4.745,2
2000-06-09,4.713,2
2000-06-10,4.694,2
2000-06-11,4.701,2
2000-06-12,4.692,2
2000-06-13,4.672,2
2000-06-14,4.663,2
2000-06-15,4.654,2
2000-06-16,4.654,2
2000-06-17,4.636,2
2000-06-18,4.622,2
2000-06-19,4.615,2
2000-06-20,4.604,2
2000-06-21,4.593,2
2000-06-22,4.595,2
2000-06-23,4.599,2
2000-06-24,4.612,2
2000-06-25,4.617,2
2000-06-26,4.655,2
2000-06-27,4.643,2
2000-06-28,4.617,2
2000-06-29,4.605,2
2000-06-30,4.622,2
2000-07-01,4.62,2
2000-07-02,4.623,2
2000-07-03,4.613,2
2000-07-04,4.59,2
2000-07-05,,2
2000-07-06,4.578,2
2000-07-07,4.576,2
2000-07-08,4.564,2
2000-07-09,4.559,2
2000-07-10,4.623,2
2000-07-11,4.683,2
2000-07-12,4.7,2
2000-07-13,4.67,2
2000-07-14,4.642,2
2000-07-15,4.62,2
2000-07-16,4.601,2
2000-07-17,4.594,2
2000-07-18,4.593,2
2000-07-19,4.596,2
2000-07-20,4.594,2
2000-07-21,4.586,2
2000-07-22,4.575,2
2000-07-23,4.579,2
2000-07-24,4.581,2
2000-07-25,4.59,2
2000-07-26,4.574,2
2000-07-27,4.561,2
2000-07-28,4.56,2
2000-07-29,4.556,2
2000-07-30,4.558,2
2000-07-31,4.561,2
2000-08-01,4.556,2
2000-08-02,4.562,2
2000-08-03,4.56,2
2000-08-04,4.609,2
2000-08-05,4.613,2
2000-08-06,4.588,2
2000-08-07,4.584,2
2000-08-08,4.575,2
2000-08-09,4.562,2
2000-08-10,4.556,2
2000-08-11,4.602,2
2000-08-12,4.605,2
2000-08-13,4.578,2
2000-08-14,4.578,2
2000-08-15,4.596,2
2000-08-16,4.595,2
2000-08-17,4.627,2
2000-08-18,4.725,2
2000-08-19,4.701,2
2000-08-20,4.67,2
2000-08-21,4.642,2
2000-08-22,4.626,2
2000-08-23,4.613,2
2000-08-24,4.612,2
2000-08-25,4.612,2
2000-08-26,4.605,2
2000-08-27,4.593,2
2000-08-28,4.593,2
2000-08-29,4.622,2
2000-08-30,4.675,2
2000-08-31,4.693,2
2000-09-01,4.669,2
2000-09-02,4.669,2
2000-09-03,4.693,2
2000-09-04,4.683,2
2000-09-05,4.659,2
2000-09-06,4.652,2
2000-09-07,4.717,2
2000-09-08,4.724,2
2000-09-09,4.7,2
2000-09-10,4.671,2
2000-09-11,4.652,2
2000-09-12,4.652,2
2000-09-13,4.79,2
2000-09-14,4.93,2
2000-09-15,4.92,2
2000-09-16,4.896,2
2000-09-17,4.838,2
2000-09-18,4.778,2
2000-09-19,4.746,2
2000-09-20,4.711,2
2000-09-21,4.688,2
2000-09-22,4.67,2
2000-09-23,4.652,2
2000-09-24,4.642,2
2000-09-25,4.636,2
2000-09-26,4.631,2
2000-09-27,4.641,2
2000-09-28,4.662,2
2000-09-29,4.668,2
2000-09-30,4.655,2
2000-10-01,4.638,2
2000-10-02,4.64,2
2000-10-03,4.652,2
2000-10-04,4.646,2
2000-10-05,4.647,2
2000-10-06,4.641,2
2000-10-07,4.626,2
2000-10-08,4.615,2
2000-10-09,4.609,2
2000-10-10,4.609,2
2000-10-11,4.621,2
2000-10-12,4.645,2
2000-10-13,4.632,2
2000-10-14,4.619,2
2000-10-15,4.61,2
2000-10-16,4.606,2
2000-10-17,4.602,2
2000-10-18,4.597,2
2000-10-19,4.595,2
2000-10-20,4.594,2
2000-10-21,4.59,2
2000-10-22,4.588,2
2000-10-23,4.588,2
2000-10-24,4.607,2
2000-10-25,4.677,2
2000-10-26,4.878,2
2000-10-27,4.863,2
2000-10-28,4.778,2
2000-10-29,4.781,2
2000-10-30,4.97,2
2000-10-31,5.32,2
2000-11-01,5.594,2
2000-11-02,5.744,2
2000-11-03,5.596,2
2000-11-04,5.354,2
2000-11-05,5.155,2
2000-11-06,5.1,2
2000-11-07,5.042,2
2000-11-08,5.073,2
2000-11-09,5.009,2
2000-11-10,5.069,2
2000-11-11,5.224,2
2000-11-12,5.284,2
2000-11-13,5.298,2
2000-11-14,5.237,2
2000-11-15,5.088,2
2000-11-16,5.027,2
2000-11-17,5.043,2
2000-11-18,5.084,2
2000-11-19,5.216,2
2000-11-20,5.565,2
2000-11-21,5.565,2
2000-11-22,5.211,2
2000-11-23,5.069,2
2000-11-24,5.052,2
2000-11-25,4.989,2
2000-11-26,4.939,2
2000-11-27,4.9,2
2000-11-28,4.876,2
2000-11-29,4.962,2
2000-11-30,5.008,2
2000-12-01,4.967,2
2000-12-02,4.931,2
2000-12-03,4.939,2
2000-12-04,5.004,2
2000-12-05,4.981,2
2000-12-06,4.927,2
2000-12-07,4.933,2
2000-12-08,5.01,2
2000-12-09,5.069,2
2000-12-10,5.005,2
2000-12-11,4.981,2
2000-12-12,5.007,2
2000-12-13,5.098,2
2000-12-14,5.372,2
2000-12-15,5.491,2
2000-12-16,5.574,2
2000-12-17,5.41,2
2000-12-18,5.211,2
2000-12-19,5.093,2
2000-12-20,5.021,2
2000-12-21,4.963,2
2000-12-22,4.911,2
2000-12-23,4.886,2
2000-12-24,4.869,2
2000-12-25,4.838,2
2000-12-26,4.81,2
2000-12-27,4.798,2
2000-12-28,4.785,2
2000-12-29,4.795,2
2000-12-30,4.801,2
2000-12-31,4.782,2
2001-01-01,4.766,2
2001-01-02,4.814,2
2001-01-03,5.102,2
2001-01-04,5.272,2
2001-01-05,5.18,2
2001-01-06,5.2,2
2001-01-07,5.182,2
2001-01-08,5.112,2
2001-01-09,5.094,2
2001-01-10,5.051,2
2001-01-11,4.947,2
2001-01-12,4.885,2
2001-01-13,4.837,2
2001-01-14,4.81,2
2001-01-15,4.81,2
2001-01-16,4.807,2
2001-01-17,4.796,2
2001-01-18,4.784,2
2001-01-19,4.77,2
2001-01-20,4.767,2
2001-01-21,4.753,2
2001-01-22,4.748,2
2001-01-23,4.762,2
2001-01-24,4.929,2
2001-01-25,5.279,2
2001-01-26,5.146,2
2001-01-27,5.036,2
2001-01-28,4.974,2
2001-01-29,4.91,2
2001-01-30,4.875,2
2001-01-31,4.847,2
2001-02-01,4.825,2
2001-02-02,4.798,2
2001-02-03,4.774,2
2001-02-04,4.754,2
2001-02-05,4.747,2
2001-02-06,4.765,2
2001-02-07,4.889,2
2001-02-08,4.976,2
2001-02-09,5.137,2
2001-02-10,5.017,2
2001-02-11,4.968,2
2001-02-12,5.487,2
2001-02-13,5.745,2
2001-02-14,5.505,2
2001-02-15,5.237,2
2001-02-16,5.004,2
2001-02-17,,2
2001-03-06,4.729,2
2001-03-07,4.725,2
2001-03-08,4.735,2
2001-03-09,4.783,2
2001-03-10,4.85,2
2001-03-11,4.858,2
2001-03-12,4.913,2
2001-03-13,5.022,2
2001-03-14,4.948,2
2001-03-15,4.899,2
2001-03-16,4.868,2
2001-03-17,4.825,2
2001-03-18,4.798,2
2001-03-19,4.79,2
2001-03-20,4.77,2
2001-03-21,4.757,2
2001-03-22,4.753,2
2001-03-23,4.736,2
2001-03-24,4.731,2
2001-03-25,4.723,2
2001-03-26,4.714,2
2001-03-27,4.708,2
2001-03-28,4.695,2
2001-03-29,4.71,2
2001-03-30,4.747,2
2001-03-31,4.733,2
2001-04-01,4.778,2
2001-04-02,4.78,2
2001-04-03,4.758,2
2001-04-04,4.748,2
2001-04-05,4.822,2
2001-04-06,4.853,2
2001-04-07,4.85,2
2001-04-08,4.939,2
2001-04-09,4.927,2
2001-04-10,4.845,2
2001-04-11,4.8,2
2001-04-12,4.771,2
2001-04-13,4.748,2
2001-04-14,4.731,2
2001-04-15,4.742,2
2001-04-16,4.804,2
2001-04-17,4.791,2
2001-04-18,4.789,2
2001-04-19,4.784,2
2001-04-20,4.756,2
2001-04-21,4.734,2
2001-04-22,4.721,2
2001-04-23,4.728,2
2001-04-24,,2
2001-04-26,4.787,2
2001-04-27,4.814,2
2001-04-28,4.8,2
2001-04-29,4.867,2
2001-04-30,4.855,2
2001-05-01,4.84,2
2001-05-02,4.773,2
2001-05-03,4.741,2
2001-05-04,4.776,2
2001-05-05,4.763,2
2001-05-06,4.72,2
2001-05-07,4.692,2
2001-05-08,4.679,2
2001-05-09,4.66,2
2001-05-10,,2
2001-05-14,4.638,2
2001-05-15,4.634,2
2001-05-16,4.652,2
2001-05-17,4.668,2
2001-05-18,4.688,2
2001-05-19,4.704,2
2001-05-20,4.666,2
2001-05-21,4.645,2
2001-05-22,4.635,2
2001-05-23,4.629,2
2001-05-24,4.624,2
2001-05-25,4.61,2
2001-05-26,4.605,2
2001-05-27,4.602,2
2001-05-28,4.605,2
2001-05-29,4.626,2
2001-05-30,4.618,2
2001-05-31,4.625,2
2001-06-01,4.674,2
2001-06-02,4.669,2
2001-06-03,4.754,2
2001-06-04,4.794,2
2001-06-05,4.742,2
2001-06-06,4.702,2
2001-06-07,4.715,2
2001-06-08,4.775,2
2001-06-09,4.745,2
2001-06-10,4.702,2
2001-06-11,4.685,2
2001-06-12,4.676,2
2001-06-13,4.66,2
2001-06-14,4.647,2
2001-06-15,4.637,2
2001-06-16,4.647,2
2001-06-17,4.659,2
2001-06-18,4.635,2
2001-06-19,4.622,2
2001-06-20,4.614,2
2001-06-21,4.625,2
2001-06-22,4.631,2
2001-06-23,4.64,2
2001-06-24,4.633,2
2001-06-25,4.616,2
2001-06-26,4.603,2
2001-06-27,4.59,2
2001-06-28,4.596,2
2001-06-29,4.595,2
2001-06-30,4.586,2
2001-07-01,4.586,2
2001-07-02,4.576,2
2001-07-03,4.563,2
2001-07-04,4.559,2
2001-07-05,4.552,2
2001-07-06,4.541,2
2001-07-07,4.532,2
2001-07-08,4.535,2
2001-07-09,4.552,2
2001-07-10,4.555,2
2001-07-11,4.57,2
2001-07-12,4.605,2
2001-07-13,4.629,2
2001-07-14,4.637,2
2001-07-15,4.647,2
2001-07-16,4.649,2
2001-07-17,4.62,2
2001-07-18,4.608,2
2001-07-19,4.6,2
2001-07-20,4.629,2
2001-07-21,4.641,2
2001-07-22,4.616,2
2001-07-23,4.6,2
2001-07-24,4.59,2
2001-07-25,4.581,2
2001-07-26,4.571,2
2001-07-27,4.56,2
2001-07-28,4.554,2
2001-07-29,4.552,2
2001-07-30,4.553,2
2001-07-31,4.557,2
2001-08-01,4.563,2
2001-08-02,4.56,2
2001-08-03,4.571,2
2001-08-04,4.593,2
2001-08-05,4.613,2
2001-08-06,4.618,2
2001-08-07,4.633,2
2001-08-08,4.644,2
2001-08-09,4.679,2
2001-08-10,4.689,2
2001-08-11,4.644,2
2001-08-12,4.652,2
2001-08-13,4.701,2
2001-08-14,4.687,2
2001-08-15,4.647,2
2001-08-16,4.624,2
2001-08-17,4.614,2
2001-08-18,4.601,2
2001-08-19,4.596,2
2001-08-20,4.604,2
2001-08-21,4.597,2
2001-08-22,4.588,2
2001-08-23,4.577,2
2001-08-24,4.576,2
2001-08-25,4.572,2
2001-08-26,4.587,2
2001-08-27,4.626,2
2001-08-28,4.627,2
2001-08-29,4.596,2
2001-08-30,4.588,2
2001-08-31,4.585,2
2001-09-01,4.589,2
2001-09-02,4.59,2
2001-09-03,4.602,2
2001-09-04,4.608,2
2001-09-05,4.6,2
2001-09-06,4.597,2
2001-09-07,4.618,2
2001-09-08,4.661,2
2001-09-09,4.692,2
2001-09-10,4.712,2
2001-09-11,4.697,2
2001-09-12,4.691,2
2001-09-13,4.73,2
2001-09-14,4.841,2
2001-09-15,4.833,2
2001-09-16,4.791,2
2001-09-17,4.794,2
2001-09-18,4.829,2
2001-09-19,5.038,2
2001-09-20,5.134,2
2001-09-21,,2
2001-09-26,4.885,2
2001-09-27,4.835,2
2001-09-28,4.816,2
2001-09-29,4.793,2
2001-09-30,4.789,2
2001-10-01,4.867,2
2001-10-02,4.98,2
2001-10-03,4.928,2
2001-10-04,4.929,2
2001-10-05,4.936,2
2001-10-06,4.922,2
2001-10-07,4.898,2
2001-10-08,4.887,2
2001-10-09,4.973,2
2001-10-10,5.119,2
2001-10-11,5.222,2
2001-10-12,5.204,2
2001-10-13,5.15,2
2001-10-14,5.101,2
2001-10-15,5.043,2
2001-10-16,4.986,2
2001-10-17,4.931,2
2001-10-18,4.9,2
2001-10-19,4.872,2
2001-10-20,4.845,2
2001-10-21,4.832,2
2001-10-22,4.806,2
2001-10-23,4.792,2
2001-10-24,4.775,2
2001-10-25,4.771,2
2001-10-26,4.768,2
2001-10-27,4.766,2
2001-10-28,4.772,2
2001-10-29,4.784,2
2001-10-30,4.843,2
2001-10-31,4.89,2
2001-11-01,4.93,2
2001-11-02,4.875,2
2001-11-03,4.827,2
2001-11-04,4.808,2
2001-11-05,4.846,2
2001-11-06,4.942,2
2001-11-07,5.062,2
2001-11-08,5.119,2
2001-11-09,5.113,2
2001-11-10,5.06,2
2001-11-11,5.003,2
2001-11-12,4.967,2
2001-11-13,4.954,2
2001-11-14,4.919,2
2001-11-15,4.884,2
2001-11-16,4.858,2
2001-11-17,4.843,2
2001-11-18,4.827,2
2001-11-19,4.817,2
2001-11-20,4.8,2
2001-11-21,4.795,2
2001-11-22,4.861,2
2001-11-23,4.884,2
2001-11-24,4.821,2
2001-11-25,4.803,2
2001-11-26,4.855,2
2001-11-27,4.906,2
2001-11-28,4.874,2
2001-11-29,4.912,2
2001-11-30,4.925,2
2001-12-01,4.888,2
2001-12-02,4.934,2
2001-12-03,4.943,2
2001-12-04,4.918,2
2001-12-05,4.982,2
2001-12-06,4.975,2
2001-12-07,4.888,2
2001-12-08,4.835,2
2001-12-09,4.819,2
2001-12-10,4.818,2
2001-12-11,4.806,2
2001-12-12,4.792,2
2001-12-13,4.782,2
2001-12-14,4.77,2
2001-12-15,4.757,2
2001-12-16,4.745,2
2001-12-17,4.74,2
2001-12-18,4.734,2
2001-12-19,4.742,2
2001-12-20,4.743,2
2001-12-21,4.78,2
2001-12-22,4.829,2
2001-12-23,4.765,2
2001-12-24,4.811,2
2001-12-25,5.038,2
2001-12-26,5.084,2
2001-12-27,4.961,2
2001-12-28,4.877,2
2001-12-29,4.84,2
2001-12-30,4.811,2
2001-12-31,4.774,2
2002-01-01,,2
2002-01-04,4.945,2
2002-01-05,4.827,2
2002-01-06,4.815,2
2002-01-07,4.863,2
2002-01-08,4.855,2
2002-01-09,4.85,2
2002-01-10,4.838,2
2002-01-11,4.822,2
2002-01-12,4.801,2
2002-01-13,4.796,2
2002-01-14,4.796,2
2002-01-15,4.797,2
2002-01-16,4.88,2
2002-01-17,4.892,2
2002-01-18,4.927,2
2002-01-19,4.969,2
2002-01-20,4.973,2
2002-01-21,5.066,2
2002-01-22,5.071,2
2002-01-23,5.029,2
2002-01-24,5.127,2
2002-01-25,5.322,2
2002-01-26,5.364,2
2002-01-27,5.552,2
2002-01-28,5.656,2
2002-01-29,5.542,2
2002-01-30,5.337,2
2002-01-31,5.308,2
2002-02-01,5.487,2
2002-02-02,5.591,2
2002-02-03,5.589,2
2002-02-04,5.389,2
2002-02-05,5.323,2
2002-02-06,5.391,2
2002-02-07,5.34,2
2002-02-08,5.305,2
2002-02-09,5.346,2
2002-02-10,5.386,2
2002-02-11,5.337,2
2002-02-12,5.434,2
2002-02-13,5.419,2
2002-02-14,5.279,2
2002-02-15,5.148,2
2002-02-16,5.081,2
2002-02-17,5.04,2
2002-02-18,5.017,2
2002-02-19,5.061,2
2002-02-20,5.157,2
2002-02-21,5.117,2
2002-02-22,5.194,2
2002-02-23,5.629,2
2002-02-24,5.78,2
2002-02-25,5.639,2
2002-02-26,5.459,2
2002-02-27,5.732,2
2002-02-28,5.975,2
2002-03-01,5.875,2
2002-03-02,5.57,2
2002-03-03,5.383,2
2002-03-04,5.324,2
2002-03-05,5.284,2
2002-03-06,5.26,2
2002-03-07,5.393,2
2002-03-08,5.388,2
2002-03-09,5.309,2
2002-03-10,5.255,2
2002-03-11,5.267,2
2002-03-12,5.248,2
2002-03-13,5.154,2
2002-03-14,5.074,2
2002-03-15,5.016,2
2002-03-16,4.976,2
2002-03-17,4.957,2
2002-03-18,4.957,2
2002-03-19,5.054,2
2002-03-20,5.12,2
2002-03-21,5.016,2
2002-03-22,4.929,2
2002-03-23,4.89,2
2002-03-24,4.865,2
2002-03-25,4.826,2
2002-03-26,4.797,2
2002-03-27,4.778,2
2002-03-28,4.765,2
2002-03-29,4.753,2
2002-03-30,4.741,2
2002-03-31,4.735,2
2002-04-01,4.721,2
2002-04-02,4.714,2
2002-04-03,4.694,2
2002-04-04,4.686,2
2002-04-05,4.682,2
2002-04-06,4.668,2
2002-04-07,4.661,2
2002-04-08,4.653,2
2002-04-09,4.644,2
2002-04-10,4.641,2
2002-04-11,4.638,2
2002-04-12,4.64,2
2002-04-13,4.639,2
2002-04-14,4.628,2
2002-04-15,4.623,2
2002-04-16,4.615,2
2002-04-17,4.612,2
2002-04-18,4.615,2
2002-04-19,4.606,2
2002-04-20,4.6,2
2002-04-21,4.597,2
2002-04-22,4.597,2
2002-04-23,4.593,2
2002-04-24,4.592,2
2002-04-25,4.584,2
2002-04-26,4.585,2
2002-04-27,4.632,2
2002-04-28,4.645,2
2002-04-29,4.66,2
2002-04-30,4.692,2
2002-05-01,4.81,2
2002-05-02,4.853,2
2002-05-03,4.748,2
2002-05-04,4.692,2
2002-05-05,4.661,2
2002-05-06,4.642,2
2002-05-07,4.619,2
2002-05-08,4.605,2
2002-05-09,4.59,2
2002-05-10,4.574,2
2002-05-11,4.568,2
2002-05-12,4.562,2
2002-05-13,4.548,2
2002-05-14,4.54,2
2002-05-15,4.535,2
2002-05-16,,2
2002-05-21,4.514,2
2002-05-22,4.506,2
2002-05-23,4.55,2
2002-05-24,4.597,2
2002-05-25,4.571,2
2002-05-26,4.55,2
2002-05-27,4.53,2
2002-05-28,4.522,2
2002-05-29,4.523,2
2002-05-30,4.489,2
2002-05-31,4.475,2
2002-06-01,4.531,2
2002-06-02,4.511,2
2002-06-03,4.472,2
2002-06-04,4.458,2
2002-06-05,4.445,2
2002-06-06,4.416,2
2002-06-07,4.396,2
2002-06-08,4.382,2
2002-06-09,4.38,2
2002-06-10,4.406,2
2002-06-11,4.44,2
2002-06-12,4.487,2
2002-06-13,4.547,2
2002-06-14,4.552,2
2002-06-15,4.557,2
2002-06-16,4.594,2
2002-06-17,4.544,2
2002-06-18,4.521,2
2002-06-19,4.605,2
2002-06-20,4.588,2
2002-06-21,4.773,2
2002-06-22,4.827,2
2002-06-23,4.748,2
2002-06-24,4.663,2
2002-06-25,4.611,2
2002-06-26,4.573,2
2002-06-27,4.571,2
2002-06-28,4.601,2
2002-06-29,4.605,2
2002-06-30,4.571,2
2002-07-01,4.567,2
2002-07-02,4.618,2
2002-07-03,4.671,2
2002-07-04,4.741,2
2002-07-05,4.919,2
2002-07-06,4.894,2
2002-07-07,4.873,2
2002-07-08,4.788,2
2002-07-09,4.73,2
2002-07-10,4.754,2
2002-07-11,4.833,2
2002-07-12,4.893,2
2002-07-13,4.792,2
2002-07-14,4.71,2
2002-07-15,4.649,2
2002-07-16,4.606,2
2002-07-17,4.592,2
2002-07-18,,2
2002-08-08,4.535,2
2002-08-09,4.528,2
2002-08-10,4.583,2
2002-08-11,4.567,2
2002-08-12,4.552,2
2002-08-13,4.59,2
2002-08-14,4.568,2
2002-08-15,4.535,2
2002-08-16,4.513,2
2002-08-17,4.494,2
2002-08-18,4.477,2
2002-08-19,4.465,2
2002-08-20,4.477,2
2002-08-21,4.488,2
2002-08-22,4.476,2
2002-08-23,4.453,2
2002-08-24,4.442,2
2002-08-25,4.43,2
2002-08-26,,2
2004-03-01,4.671,2
2004-03-02,4.683,2
2004-03-03,4.686,2
2004-03-04,4.655,2
2004-03-05,4.628,2
2004-03-06,4.612,2
2004-03-07,4.601,2
2004-03-08,4.586,2
2004-03-09,4.582,2
2004-03-10,4.573,2
2004-03-11,4.568,2
2004-03-12,4.566,2
2004-03-13,4.578,2
2004-03-14,4.631,2
2004-03-15,4.702,2
2004-03-16,4.756,2
2004-03-17,4.739,2
2004-03-18,4.693,2
2004-03-19,4.688,2
2004-03-20,4.881,2
2004-03-21,5.168,2
2004-03-22,5.263,2
2004-03-23,5.153,2
2004-03-24,5.025,2
2004-03-25,4.923,2
2004-03-26,4.831,2
2004-03-27,4.783,2
2004-03-28,4.766,2
2004-03-29,4.756,2
2004-03-30,4.728,2
2004-03-31,4.695,2
2004-04-01,4.66,2
2004-04-02,4.625,2
2004-04-03,4.608,2
2004-04-04,4.627,2
2004-04-05,4.678,2
2004-04-06,4.701,2
2004-04-07,4.743,2
2004-04-08,4.745,2
2004-04-09,4.712,2
2004-04-10,4.671,2
2004-04-11,4.636,2
2004-04-12,4.603,2
2004-04-13,4.58,2
2004-04-14,4.57,2
2004-04-15,4.558,2
2004-04-16,4.549,2
2004-04-17,4.546,2
2004-04-18,4.541,2
2004-04-19,4.555,2
2004-04-20,4.589,2
2004-04-21,4.616,2
2004-04-22,4.584,2
2004-04-23,4.556,2
2004-04-24,4.536,2
2004-04-25,4.523,2
2004-04-26,4.542,2
2004-04-27,4.711,2
2004-04-28,4.775,2
2004-04-29,4.663,2
2004-04-30,4.599,2
2004-05-01,4.553,2
2004-05-02,4.531,2
2004-05-03,4.512,2
2004-05-04,4.534,2
2004-05-05,4.558,2
2004-05-06,4.574,2
2004-05-07,4.576,2
2004-05-08,4.544,2
2004-05-09,4.531,2
2004-05-10,4.511,2
2004-05-11,4.483,2
2004-05-12,4.473,2
2004-05-13,4.466,2
2004-05-14,4.457,2
2004-05-15,4.46,2
2004-05-16,4.458,2
2004-05-17,4.446,2
2004-05-18,4.437,2
2004-05-19,4.432,2
2004-05-20,4.421,2
2004-05-21,4.414,2
2004-05-22,4.412,2
2004-05-23,4.417,2
2004-05-24,4.413,2
2004-05-25,4.401,2
2004-05-26,4.39,2
2004-05-27,4.39,2
2004-05-28,4.383,2
2004-05-29,4.368,2
2004-05-30,4.361,2
2004-05-31,4.345,2
2004-06-01,4.337,2
2004-06-02,4.325,2
2004-06-03,4.318,2
2004-06-04,4.315,2
2004-06-05,4.319,2
2004-06-06,4.316,2
2004-06-07,4.316,2
2004-06-08,4.343,2
2004-06-09,4.326,2
2004-06-10,4.325,2
2004-06-11,4.344,2
2004-06-12,4.421,2
2004-06-13,4.378,2
2004-06-14,4.351,2
2004-06-15,4.352,2
2004-06-16,4.345,2
2004-06-17,4.342,2
2004-06-18,4.396,2
2004-06-19,4.381,2
2004-06-20,4.381,2
2004-06-21,4.373,2
2004-06-22,4.388,2
2004-06-23,4.395,2
2004-06-24,4.463,2
2004-06-25,4.55,2
2004-06-26,4.565,2
2004-06-27,4.503,2
2004-06-28,4.473,2
2004-06-29,4.463,2
2004-06-30,4.445,2
2004-07-01,4.422,2
2004-07-02,4.423,2
2004-07-03,4.44,2
2004-07-04,4.477,2
2004-07-05,4.49,2
2004-07-06,4.461,2
2004-07-07,4.428,2
2004-07-08,4.413,2
2004-07-09,4.434,2
2004-07-10,4.438,2
2004-07-11,4.431,2
2004-07-12,4.446,2
2004-07-13,,2
2004-10-07,4.832,2
2004-10-08,4.994,2
2004-10-09,4.991,2
2004-10-10,4.855,2
2004-10-11,,2
2004-10-18,4.89,2
2004-10-19,5.101,2
2004-10-20,,2
2004-10-25,5.359,2
2004-10-26,5.34,2
2004-10-27,5.313,2
2004-10-28,5.192,2
2004-10-29,5.026,2
2004-10-30,5.066,2
2004-10-31,5.171,2
2004-11-01,5.086,2
2004-11-02,4.971,2
2004-11-03,4.894,2
2004-11-04,4.855,2
2004-11-05,4.869,2
2004-11-06,4.942,2
2004-11-07,4.918,2
2004-11-08,4.852,2
2004-11-09,4.824,2
2004-11-10,4.85,2
2004-11-11,4.957,2
2004-11-12,4.943,2
2004-11-13,5.047,2
2004-11-14,5.045,2
2004-11-15,4.94,2
2004-11-16,4.883,2
2004-11-17,4.85,2
2004-11-18,4.907,2
2004-11-19,4.948,2
2004-11-20,4.879,2
2004-11-21,4.802,2
2004-11-22,4.873,2
2004-11-23,5.159,2
2004-11-24,5.143,2
2004-11-25,4.973,2
2004-11-26,4.918,2
2004-11-27,5.046,2
2004-11-28,5.105,2
2004-11-29,5.014,2
2004-11-30,4.925,2
2004-12-01,4.866,2
2004-12-02,4.822,2
2004-12-03,4.793,2
2004-12-04,4.794,2
2004-12-05,4.817,2
2004-12-06,4.784,2
2004-12-07,4.748,2
2004-12-08,4.721,2
2004-12-09,4.699,2
2004-12-10,4.677,2
2004-12-11,4.66,2
2004-12-12,4.647,2
2004-12-13,4.638,2
2004-12-14,4.635,2
2004-12-15,4.684,2
2004-12-16,4.84,2
2004-12-17,4.938,2
2004-12-18,5.025,2
2004-12-19,5.023,2
2004-12-20,4.892,2
2004-12-21,4.862,2
2004-12-22,4.92,2
2004-12-23,5.131,2
2004-12-24,5.325,2
2004-12-25,5.446,2
2004-12-26,5.437,2
2004-12-27,5.333,2
2004-12-28,5.18,2
2004-12-29,5.073,2
2004-12-30,5.035,2
2004-12-31,5.132,2
2005-01-01,5.098,2
2005-01-02,5.112,2
2005-01-03,5.218,2
2005-01-04,5.25,2
2005-01-05,5.25,2
2005-01-06,5.167,2
2005-01-07,5.146,2
2005-01-08,5.285,2
2005-01-09,5.434,2
2005-01-10,5.462,2
2005-01-11,5.42,2
2005-01-12,5.351,2
2005-01-13,5.292,2
2005-01-14,5.198,2
2005-01-15,5.103,2
2005-01-16,5.036,2
2005-01-17,4.999,2
2005-01-18,5.115,2
2005-01-19,5.273,2
2005-01-20,5.334,2
2005-01-21,5.393,2
2005-01-22,5.337,2
2005-01-23,5.199,2
2005-01-24,5.071,2
2005-01-25,4.983,2
2005-01-26,4.918,2
2005-01-27,4.88,2
2005-01-28,4.861,2
2005-01-29,4.832,2
2005-01-30,4.832,2
2005-01-31,4.881,2
2005-02-01,4.899,2
2005-02-02,4.857,2
2005-02-03,4.83,2
2005-02-04,4.816,2
2005-02-05,4.803,2
2005-02-06,4.776,2
2005-02-07,4.745,2
2005-02-08,4.719,2
2005-02-09,4.702,2
2005-02-10,4.762,2
2005-02-11,4.88,2
2005-02-12,4.889,2
2005-02-13,4.904,2
2005-02-14,4.883,2
2005-02-15,4.836,2
2005-02-16,4.791,2
2005-02-17,4.759,2
2005-02-18,4.774,2
2005-02-19,4.998,2
2005-02-20,5.075,2
2005-02-21,5.006,2
2005-02-22,4.935,2
2005-02-23,4.864,2
2005-02-24,4.796,2
2005-02-25,4.763,2
2005-02-26,4.757,2
2005-02-27,4.725,2
2005-02-28,4.689,2
2005-03-01,4.692,2
2005-03-02,4.703,2
2005-03-03,4.67,2
2005-03-04,4.637,2
2005-03-05,4.614,2
2005-03-06,4.599,2
2005-03-07,4.589,2
2005-03-08,4.593,2
2005-03-09,4.604,2
2005-03-10,4.616,2
2005-03-11,4.723,2
2005-03-12,4.978,2
2005-03-13,4.929,2
2005-03-14,4.827,2
2005-03-15,4.808,2
2005-03-16,4.988,2
2005-03-17,5.192,2
2005-03-18,5.203,2
2005-03-19,5.183,2
2005-03-20,5.06,2
2005-03-21,4.943,2
2005-03-22,4.87,2
2005-03-23,4.816,2
2005-03-24,,2
2005-04-14,4.651,2
2005-04-15,4.684,2
2005-04-16,4.676,2
2005-04-17,4.636,2
2005-04-18,4.608,2
2005-04-19,4.586,2
2005-04-20,4.56,2
2005-04-21,4.539,2
2005-04-22,4.534,2
2005-04-23,4.532,2
2005-04-24,4.53,2
2005-04-25,4.514,2
2005-04-26,4.511,2
2005-04-27,4.507,2
2005-04-28,4.532,2
2005-04-29,4.531,2
2005-04-30,4.523,2
2005-05-01,4.519,2
2005-05-02,4.524,2
2005-05-03,4.547,2
2005-05-04,4.582,2
2005-05-05,4.602,2
2005-05-06,4.576,2
2005-05-07,4.559,2
2005-05-08,4.549,2
2005-05-09,4.562,2
2005-05-10,4.567,2
2005-05-11,4.579,2
2005-05-12,4.586,2
2005-05-13,4.582,2
2005-05-14,4.538,2
2005-05-15,4.511,2
2005-05-16,4.498,2
2005-05-17,4.482,2
2005-05-18,4.469,2
2005-05-19,4.458,2
2005-05-20,4.472,2
2005-05-21,4.656,2
2005-05-22,4.648,2
2005-05-23,4.556,2
2005-05-24,4.521,2
2005-05-25,4.496,2
2005-05-26,4.484,2
2005-05-27,4.468,2
2005-05-28,4.45,2
2005-05-29,4.427,2
2005-05-30,4.415,2
2005-05-31,4.422,2
2005-06-01,4.431,2
2005-06-02,4.441,2
2005-06-03,4.509,2
2005-06-04,4.562,2
2005-06-05,4.621,2
2005-06-06,4.578,2
2005-06-07,4.516,2
2005-06-08,4.478,2
2005-06-09,4.46,2
2005-06-10,4.453,2
2005-06-11,4.437,2
2005-06-12,4.466,2
2005-06-13,4.472,2
2005-06-14,4.513,2
2005-06-15,4.485,2
2005-06-16,4.452,2
2005-06-17,4.448,2
2005-06-18,4.439,2
2005-06-19,4.424,2
2005-06-20,4.406,2
2005-06-21,4.401,2
2005-06-22,4.396,2
2005-06-23,4.371,2
2005-06-24,4.358,2
2005-06-25,4.351,2
2005-06-26,4.323,2
2005-06-27,4.316,2
2005-06-28,4.311,2
2005-06-29,4.309,2
2005-06-30,4.308,2
2005-07-01,4.309,2
2005-07-02,4.305,2
2005-07-03,4.3,2
2005-07-04,4.308,2
2005-07-05,4.311,2
2005-07-06,4.337,2
2005-07-07,4.348,2
2005-07-08,4.347,2
2005-07-09,4.33,2
2005-07-10,4.329,2
2005-07-11,4.329,2
2005-07-12,4.329,2
2005-07-13,4.328,2
2005-07-14,4.328,2
2005-07-15,4.36,2
2005-07-16,4.488,2
2005-07-17,4.453,2
2005-07-18,4.407,2
2005-07-19,4.404,2
2005-07-20,4.448,2
2005-07-21,4.523,2
2005-07-22,4.515,2
2005-07-23,4.507,2
2005-07-24,4.6,2
2005-07-25,4.544,2
2005-07-26,4.479,2
2005-07-27,4.456,2
2005-07-28,4.44,2
2005-07-29,4.435,2
2005-07-30,4.458,2
2005-07-31,4.53,2
2005-08-01,4.605,2
2005-08-02,4.601,2
2005-08-03,4.543,2
2005-08-04,4.552,2
2005-08-05,4.609,2
2005-08-06,4.671,2
2005-08-07,4.656,2
2005-08-08,4.598,2
2005-08-09,4.591,2
2005-08-10,4.598,2
2005-08-11,4.573,2
2005-08-12,4.549,2
2005-08-13,4.522,2
2005-08-14,4.5,2
2005-08-15,4.493,2
2005-08-16,4.487,2
2005-08-17,4.465,2
2005-08-18,4.462,2
2005-08-19,4.448,2
2005-08-20,4.432,2
2005-08-21,4.42,2
2005-08-22,4.425,2
2005-08-23,4.416,2
2005-08-24,4.416,2
2005-08-25,4.464,2
2005-08-26,4.563,2
2005-08-27,4.551,2
2005-08-28,4.535,2
2005-08-29,4.52,2
2005-08-30,4.485,2
2005-08-31,4.474,2
2005-09-01,4.458,2
2005-09-02,4.454,2
2005-09-03,4.439,2
2005-09-04,4.418,2
2005-09-05,4.416,2
2005-09-06,4.413,2
2005-09-07,4.412,2
2005-09-08,4.421,2
2005-09-09,4.413,2
2005-09-10,4.4,2
2005-09-11,4.399,2
2005-09-12,4.393,2
2005-09-13,4.388,2
2005-09-14,4.399,2
2005-09-15,4.413,2
2005-09-16,4.398,2
2005-09-17,4.397,2
2005-09-18,4.391,2
2005-09-19,4.394,2
2005-09-20,4.398,2
2005-09-21,4.403,2
2005-09-22,4.41,2
2005-09-23,4.402,2
2005-09-24,4.399,2
2005-09-25,4.395,2
2005-09-26,4.392,2
2005-09-27,4.398,2
2005-09-28,4.434,2
2005-09-29,4.463,2
2005-09-30,4.477,2
2005-10-01,4.483,2
2005-10-02,4.516,2
2005-10-03,4.493,2
2005-10-04,4.468,2
2005-10-05,4.45,2
2005-10-06,4.439,2
2005-10-07,4.434,2
2005-10-08,4.431,2
2005-10-09,4.437,2
2005-10-10,4.446,2
2005-10-11,4.44,2
2005-10-12,4.43,2
2005-10-13,4.422,2
2005-10-14,4.424,2
2005-10-15,4.424,2
2005-10-16,4.424,2
2005-10-17,4.426,2
2005-10-18,4.434,2
2005-10-19,4.438,2
2005-10-20,4.454,2
2005-10-21,4.477,2
2005-10-22,4.539,2
2005-10-23,4.591,2
2005-10-24,4.565,2
2005-10-25,4.644,2
2005-10-26,4.952,2
2005-10-27,4.928,2
2005-10-28,4.738,2
2005-10-29,4.6,2
2005-10-30,4.557,2
2005-10-31,4.527,2
2005-11-01,4.514,2
2005-11-02,4.521,2
2005-11-03,4.596,2
2005-11-04,4.77,2
2005-11-05,4.767,2
2005-11-06,4.905,2
2005-11-07,4.987,2
2005-11-08,4.998,2
2005-11-09,4.865,2
2005-11-10,4.728,2
2005-11-11,4.685,2
2005-11-12,4.714,2
2005-11-13,4.696,2
2005-11-14,4.648,2
2005-11-15,4.797,2
2005-11-16,4.993,2
2005-11-17,4.858,2
2005-11-18,4.691,2
2005-11-19,4.593,2
2005-11-20,4.546,2
2005-11-21,4.577,2
2005-11-22,4.572,2
2005-11-23,4.526,2
2005-11-24,4.507,2
2005-11-25,4.655,2
2005-11-26,,2
2005-12-01,4.759,2
2005-12-02,4.757,2
2005-12-03,4.732,2
2005-12-04,4.703,2
2005-12-05,4.696,2
2005-12-06,4.696,2
2005-12-07,4.693,2
2005-12-08,4.677,2
2005-12-09,4.643,2
2005-12-10,4.614,2
2005-12-11,4.619,2
2005-12-12,4.618,2
2005-12-13,4.59,2
2005-12-14,4.601,2
2005-12-15,4.63,2
2005-12-16,4.693,2
2005-12-17,4.774,2
2005-12-18,4.693,2
2005-12-19,4.646,2
2005-12-20,4.7,2
2005-12-21,4.768,2
2005-12-22,4.765,2
2005-12-23,4.763,2
2005-12-24,4.76,2
2005-12-25,4.75,2
2005-12-26,4.689,2
2005-12-27,4.64,2
2005-12-28,4.614,2
2005-12-29,4.597,2
2005-12-30,4.587,2
2005-12-31,4.581,2
2006-01-01,4.578,2
2006-01-02,4.561,2
2006-01-03,4.547,2
2006-01-04,4.538,2
2006-01-05,4.532,2
2006-01-06,4.541,2
2006-01-07,4.54,2
2006-01-08,4.534,2
2006-01-09,4.52,2
2006-01-10,4.517,2
2006-01-11,4.657,2
2006-01-12,4.909,2
2006-01-13,4.837,2
2006-01-14,4.73,2
2006-01-15,4.664,2
2006-01-16,4.623,2
2006-01-17,4.588,2
2006-01-18,4.577,2
2006-01-19,4.562,2
2006-01-20,4.592,2
2006-01-21,4.768,2
2006-01-22,4.767,2
2006-01-23,4.664,2
2006-01-24,4.607,2
2006-01-25,4.597,2
2006-01-26,4.636,2
2006-01-27,4.594,2
2006-01-28,4.551,2
2006-01-29,4.528,2
2006-01-30,4.517,2
2006-01-31,4.54,2
2006-02-01,4.599,2
2006-02-02,4.656,2
2006-02-03,4.679,2
2006-02-04,4.657,2
2006-02-05,4.615,2
2006-02-06,4.639,2
2006-02-07,4.962,2
2006-02-08,5.123,2
2006-02-09,5.13,2
2006-02-10,5.061,2
2006-02-11,4.922,2
2006-02-12,4.795,2
2006-02-13,4.734,2
2006-02-14,4.711,2
2006-02-15,4.688,2
2006-02-16,4.758,2
2006-02-17,4.884,2
2006-02-18,4.925,2
2006-02-19,4.906,2
2006-02-20,4.834,2
2006-02-21,4.762,2
2006-02-22,4.705,2
2006-02-23,4.677,2
2006-02-24,4.659,2
2006-02-25,4.641,2
2006-02-26,4.616,2
2006-02-27,4.602,2
2006-02-28,4.598,2
2006-03-01,4.607,2
2006-03-02,4.586,2
2006-03-03,4.575,2
2006-03-04,4.558,2
2006-03-05,4.54,2
2006-03-06,4.53,2
2006-03-07,4.524,2
2006-03-08,4.515,2
2006-03-09,4.508,2
2006-03-10,4.5,2
2006-03-11,4.491,2
2006-03-12,4.47,2
2006-03-13,4.461,2
2006-03-14,4.458,2
2006-03-15,4.457,2
2006-03-16,4.453,2
2006-03-17,4.45,2
2006-03-18,4.444,2
2006-03-19,4.457,2
2006-03-20,4.497,2
2006-03-21,4.484,2
2006-03-22,4.473,2
2006-03-23,4.466,2
2006-03-24,4.459,2
2006-03-25,4.452,2
2006-03-26,4.476,2
2006-03-27,4.63,2
2006-03-28,4.906,2
2006-03-29,5.011,2
2006-03-30,4.912,2
2006-03-31,4.957,2
2006-04-01,4.957,2
2006-04-02,4.882,2
2006-04-03,4.816,2
2006-04-04,4.774,2
2006-04-05,4.733,2
2006-04-06,4.707,2
2006-04-07,4.767,2
2006-04-08,4.767,2
2006-04-09,4.8,2
2006-04-10,4.84,2
2006-04-11,4.766,2
2006-04-12,4.737,2
2006-04-13,4.769,2
2006-04-14,4.812,2
2006-04-15,4.747,2
2006-04-16,4.678,2
2006-04-17,4.646,2
2006-04-18,4.627,2
2006-04-19,4.607,2
2006-04-20,4.685,2
2006-04-21,4.722,2
2006-04-22,4.957,2
2006-04-23,4.979,2
2006-04-24,4.822,2
2006-04-25,4.734,2
2006-04-26,4.685,2
2006-04-27,4.646,2
2006-04-28,4.619,2
2006-04-29,4.621,2
2006-04-30,4.614,2
2006-05-01,4.592,2
2006-05-02,4.575,2
2006-05-03,4.546,2
2006-05-04,4.525,2
2006-05-05,4.504,2
2006-05-06,4.487,2
2006-05-07,4.482,2
2006-05-08,4.466,2
2006-05-09,4.44,2
2006-05-10,4.435,2
2006-05-11,4.431,2
2006-05-12,4.425,2
2006-05-13,4.42,2
2006-05-14,4.415,2
2006-05-15,4.415,2
2006-05-16,4.464,2
2006-05-17,4.493,2
2006-05-18,4.524,2
2006-05-19,4.62,2
2006-05-20,4.642,2
2006-05-21,4.746,2
2006-05-22,4.751,2
2006-05-23,4.738,2
2006-05-24,4.753,2
2006-05-25,4.788,2
2006-05-26,4.83,2
2006-05-27,4.743,2
2006-05-28,4.763,2
2006-05-29,4.847,2
2006-05-30,4.815,2
2006-05-31,4.744,2
2006-06-01,4.69,2
2006-06-02,4.65,2
2006-06-03,4.622,2
2006-06-04,4.602,2
2006-06-05,4.572,2
2006-06-06,4.544,2
2006-06-07,4.518,2
2006-06-08,4.509,2
2006-06-09,4.496,2
2006-06-10,4.484,2
2006-06-11,4.468,2
2006-06-12,4.439,2
2006-06-13,4.429,2
2006-06-14,4.419,2
2006-06-15,4.417,2
2006-06-16,4.411,2
2006-06-17,4.416,2
2006-06-18,4.413,2
2006-06-19,4.402,2
2006-06-20,4.393,2
2006-06-21,4.403,2
2006-06-22,4.404,2
2006-06-23,4.409,2
2006-06-24,4.395,2
2006-06-25,4.387,2
2006-06-26,4.397,2
2006-06-27,4.477,2
2006-06-28,4.495,2
2006-06-29,4.453,2
2006-06-30,4.43,2
2006-07-01,4.414,2
2006-07-02,4.398,2
2006-07-03,4.376,2
2006-07-04,4.361,2
2006-07-05,4.344,2
2006-07-06,4.334,2
2006-07-07,4.338,2
2006-07-08,4.344,2
2006-07-09,4.335,2
2006-07-10,4.343,2
2006-07-11,4.363,2
2006-07-12,4.395,2
2006-07-13,4.383,2
2006-07-14,4.368,2
2006-07-15,4.357,2
2006-07-16,4.344,2
2006-07-17,4.333,2
2006-07-18,4.328,2
2006-07-19,4.324,2
2006-07-20,4.316,2
2006-07-21,4.321,2
2006-07-22,4.313,2
2006-07-23,4.319,2
2006-07-24,4.329,2
2006-07-25,4.32,2
2006-07-26,4.31,2
2006-07-27,4.309,2
2006-07-28,4.328,2
2006-07-29,4.502,2
2006-07-30,4.46,2
2006-07-31,4.447,2
2006-08-01,4.462,2
2006-08-02,4.558,2
2006-08-03,4.646,2
2006-08-04,4.678,2
2006-08-05,4.607,2
2006-08-06,4.541,2
2006-08-07,4.505,2
2006-08-08,4.489,2
2006-08-09,4.475,2
2006-08-10,4.469,2
2006-08-11,4.468,2
2006-08-12,4.487,2
2006-08-13,4.563,2
2006-08-14,4.612,2
2006-08-15,4.633,2
2006-08-16,4.73,2
2006-08-17,4.817,2
2006-08-18,4.765,2
2006-08-19,4.86,2
2006-08-20,4.934,2
2006-08-21,4.908,2
2006-08-22,4.876,2
2006-08-23,4.845,2
2006-08-24,4.787,2
2006-08-25,4.724,2
2006-08-26,4.672,2
2006-08-27,4.657,2
2006-08-28,4.687,2
2006-08-29,4.667,2
2006-08-30,4.64,2
2006-08-31,4.61,2
2006-09-01,4.611,2
2006-09-02,4.611,2
2006-09-03,4.665,2
2006-09-04,4.735,2
2006-09-05,4.711,2
2006-09-06,4.65,2
2006-09-07,4.626,2
2006-09-08,4.626,2
2006-09-09,4.588,2
2006-09-10,4.559,2
2006-09-11,4.542,2
2006-09-12,4.531,2
2006-09-13,4.521,2
2006-09-14,4.512,2
2006-09-15,4.495,2
2006-09-16,4.484,2
2006-09-17,4.48,2
2006-09-18,4.481,2
2006-09-19,4.477,2
2006-09-20,4.479,2
2006-09-21,4.473,2
2006-09-22,4.466,2
2006-09-23,4.455,2
2006-09-24,4.447,2
2006-09-25,4.443,2
2006-09-26,4.449,2
2006-09-27,4.478,2
2006-09-28,4.484,2
2006-09-29,4.489,2
2006-09-30,4.502,2
2006-10-01,4.532,2
2006-10-02,4.571,2
2006-10-03,4.644,2
2006-10-04,4.629,2
2006-10-05,4.589,2
2006-10-06,4.605,2
2006-10-07,4.75,2
2006-10-08,4.871,2
2006-10-09,4.805,2
2006-10-10,4.705,2
2006-10-11,4.65,2
2006-10-12,4.612,2
2006-10-13,4.585,2
2006-10-14,4.561,2
2006-10-15,4.539,2
2006-10-16,4.534,2
2006-10-17,4.53,2
2006-10-18,4.532,2
2006-10-19,4.642,2
2006-10-20,4.714,2
2006-10-21,4.797,2
2006-10-22,4.967,2
2006-10-23,5.134,2
2006-10-24,5.236,2
2006-10-25,5.257,2
2006-10-26,5.17,2
2006-10-27,5.132,2
2006-10-28,5.089,2
2006-10-29,5.024,2
2006-10-30,4.989,2
2006-10-31,5.08,2
2006-11-01,5.259,2
2006-11-02,5.311,2
2006-11-03,5.178,2
2006-11-04,4.988,2
2006-11-05,4.92,2
2006-11-06,4.911,2
2006-11-07,4.863,2
2006-11-08,4.856,2
2006-11-09,5.093,2
2006-11-10,5.253,2
2006-11-11,5.268,2
2006-11-12,5.328,2
2006-11-13,5.383,2
2006-11-14,5.373,2
2006-11-15,5.321,2
2006-11-16,5.229,2
2006-11-17,5.156,2
2006-11-18,5.127,2
2006-11-19,5.079,2
2006-11-20,5.027,2
2006-11-21,5.122,2
2006-11-22,5.271,2
2006-11-23,5.322,2
2006-11-24,5.379,2
2006-11-25,5.383,2
2006-11-26,5.342,2
2006-11-27,5.267,2
2006-11-28,5.133,2
2006-11-29,5.05,2
2006-11-30,4.989,2
2006-12-01,4.935,2
2006-12-02,4.993,2
2006-12-03,5.271,2
2006-12-04,5.363,2
2006-12-05,5.389,2
2006-12-06,5.371,2
2006-12-07,5.365,2
2006-12-08,5.446,2
2006-12-09,5.577,2
2006-12-10,5.644,2
2006-12-11,5.615,2
2006-12-12,5.689,2
2006-12-13,5.75,2
2006-12-14,5.709,2
2006-12-15,5.71,2
2006-12-16,5.689,2
2006-12-17,5.661,2
2006-12-18,5.635,2
2006-12-19,5.552,2
2006-12-20,5.436,2
2006-12-21,5.339,2
2006-12-22,5.264,2
2006-12-23,5.198,2
2006-12-24,5.151,2
2006-12-25,5.113,2
2006-12-26,5.075,2
2006-12-27,5.043,2
2006-12-28,5.018,2
2006-12-29,5.006,2
2006-12-30,5.016,2
2006-12-31,5.264,2
2007-01-01,5.481,2
2007-01-02,5.535,2
2007-01-03,5.468,2
2007-01-04,5.433,2
2007-01-05,5.454,2
2007-01-06,5.426,2
2007-01-07,5.362,2
2007-01-08,5.342,2
2007-01-09,5.389,2
2007-01-10,5.41,2
2007-01-11,5.454,2
2007-01-12,5.613,2
2007-01-13,5.693,2
2007-01-14,5.656,2
2007-01-15,5.573,2
2007-01-16,5.504,2
2007-01-17,5.432,2
2007-01-18,5.474,2
2007-01-19,5.598,2
2007-01-20,5.69,2
2007-01-21,5.813,2
2007-01-22,5.812,2
2007-01-23,5.675,2
2007-01-24,5.539,2
2007-01-25,5.41,2
2007-01-26,5.351,2
2007-01-27,5.363,2
2007-01-28,5.339,2
2007-01-29,5.371,2
2007-01-30,5.355,2
2007-01-31,5.327,2
2007-02-01,5.316,2
2007-02-02,5.298,2
2007-02-03,5.302,2
2007-02-04,5.262,2
2007-02-05,5.223,2
2007-02-06,5.2,2
2007-02-07,5.216,2
2007-02-08,5.235,2
2007-02-09,5.189,2
2007-02-10,5.107,2
2007-02-11,5.047,2
2007-02-12,5.03,2
2007-02-13,5.086,2
2007-02-14,5.161,2
2007-02-15,5.165,2
2007-02-16,5.129,2
2007-02-17,5.071,2
2007-02-18,5.026,2
2007-02-19,4.999,2
2007-02-20,4.977,2
2007-02-21,5.044,2
2007-02-22,5.302,2
2007-02-23,5.335,2
2007-02-24,5.285,2
2007-02-25,5.302,2
2007-02-26,5.424,2
2007-02-27,5.507,2
2007-02-28,5.513,2
2007-03-01,5.555,2
2007-03-02,5.574,2
2007-03-03,5.477,2
2007-03-04,5.356,2
2007-03-05,5.285,2
2007-03-06,5.289,2
2007-03-07,5.382,2
2007-03-08,5.445,2
2007-03-09,5.386,2
2007-03-10,5.331,2
2007-03-11,5.273,2
2007-03-12,5.208,2
2007-03-13,5.145,2
2007-03-14,5.094,2
2007-03-15,5.061,2
2007-03-16,5.042,2
2007-03-17,5.111,2
2007-03-18,5.234,2
2007-03-19,5.361,2
2007-03-20,5.378,2
2007-03-21,5.295,2
2007-03-22,5.185,2
2007-03-23,5.088,2
2007-03-24,5.03,2
2007-03-25,4.989,2
2007-03-26,4.95,2
2007-03-27,4.926,2
2007-03-28,4.91,2
2007-03-29,4.889,2
2007-03-30,4.875,2
2007-03-31,4.855,2
2007-04-01,4.831,2
2007-04-02,4.821,2
2007-04-03,4.819,2
2007-04-04,4.804,2
2007-04-05,4.808,2
2007-04-06,4.79,2
2007-04-07,4.772,2
2007-04-08,4.768,2
2007-04-09,4.79,2
2007-04-10,4.805,2
2007-04-11,4.793,2
2007-04-12,4.762,2
2007-04-13,4.736,2
2007-04-14,4.722,2
2007-04-15,4.715,2
2007-04-16,4.704,2
2007-04-17,4.696,2
2007-04-18,4.69,2
2007-04-19,4.691,2
2007-04-20,4.693,2
2007-04-21,4.662,2
2007-04-22,4.663,2
2007-04-23,4.659,2
2007-04-24,4.645,2
2007-04-25,4.64,2
2007-04-26,4.629,2
2007-04-27,4.618,2
2007-04-28,4.599,2
2007-04-29,4.584,2
2007-04-30,4.58,2
2007-05-01,4.562,2
2007-05-02,4.525,2
2007-05-03,4.523,2
2007-05-04,4.519,2
2007-05-05,4.518,2
2007-05-06,4.512,2
2007-05-07,4.551,2
2007-05-08,4.562,2
2007-05-09,4.609,2
2007-05-10,4.611,2
2007-05-11,4.62,2
2007-05-12,4.603,2
2007-05-13,4.591,2
2007-05-14,4.591,2
2007-05-15,4.593,2
2007-05-16,4.574,2
2007-05-17,4.567,2
2007-05-18,4.55,2
2007-05-19,4.544,2
2007-05-20,4.53,2
2007-05-21,4.528,2
2007-05-22,4.541,2
2007-05-23,4.508,2
2007-05-24,4.49,2
2007-05-25,4.484,2
2007-05-26,4.478,2
2007-05-27,4.471,2
2007-05-28,4.486,2
2007-05-29,4.533,2
2007-05-30,,2
2007-06-04,4.54,2
2007-06-05,4.516,2
2007-06-06,4.505,2
2007-06-07,4.481,2
2007-06-08,4.45,2
2007-06-09,4.426,2
2007-06-10,4.401,2
2007-06-11,4.391,2
2007-06-12,4.38,2
2007-06-13,4.374,2
2007-06-14,4.386,2
2007-06-15,4.374,2
2007-06-16,4.432,2
2007-06-17,4.566,2
2007-06-18,4.613,2
2007-06-19,4.553,2
2007-06-20,4.495,2
2007-06-21,4.47,2
2007-06-22,4.444,2
2007-06-23,4.433,2
2007-06-24,4.485,2
2007-06-25,4.566,2
2007-06-26,4.719,2
2007-06-27,4.99,2
2007-06-28,5.269,2
2007-06-29,5.202,2
2007-06-30,5.097,2
2007-07-01,5.078,2
2007-07-02,5.016,2
2007-07-03,5.003,2
2007-07-04,5.048,2
2007-07-05,5.168,2
2007-07-06,5.076,2
2007-07-07,4.922,2
2007-07-08,4.847,2
2007-07-09,4.781,2
2007-07-10,4.721,2
2007-07-11,4.746,2
2007-07-12,4.843,2
2007-07-13,4.823,2
2007-07-14,4.76,2
2007-07-15,4.728,2
2007-07-16,4.681,2
2007-07-17,4.956,2
2007-07-18,4.997,2
2007-07-19,4.826,2
2007-07-20,4.724,2
2007-07-21,4.726,2
2007-07-22,4.746,2
2007-07-23,4.757,2
2007-07-24,4.747,2
2007-07-25,4.942,2
2007-07-26,4.959,2
2007-07-27,4.978,2
2007-07-28,4.998,2
2007-07-29,4.892,2
2007-07-30,4.867,2
2007-07-31,4.924,2
2007-08-01,4.86,2
2007-08-02,4.796,2
2007-08-03,4.725,2
2007-08-04,4.68,2
2007-08-05,4.661,2
2007-08-06,4.636,2
2007-08-07,4.605,2
2007-08-08,4.582,2
2007-08-09,4.573,2
2007-08-10,4.592,2
2007-08-11,4.579,2
2007-08-12,4.564,2
2007-08-13,4.553,2
2007-08-14,4.546,2
2007-08-15,4.538,2
2007-08-16,4.57,2
2007-08-17,4.597,2
2007-08-18,4.595,2
2007-08-19,4.569,2
2007-08-20,4.545,2
2007-08-21,4.543,2
2007-08-22,4.541,2
2007-08-23,4.57,2
2007-08-24,4.587,2
2007-08-25,4.56,2
2007-08-26,4.549,2
2007-08-27,4.544,2
2007-08-28,4.549,2
2007-08-29,4.533,2
2007-08-30,4.533,2
2007-08-31,4.561,2
2007-09-01,4.579,2
2007-09-02,4.573,2
2007-09-03,4.616,2
2007-09-04,4.604,2
2007-09-05,4.556,2
2007-09-06,4.535,2
2007-09-07,4.521,2
2007-09-08,4.515,2
2007-09-09,4.499,2
2007-09-10,4.525,2
2007-09-11,4.551,2
2007-09-12,4.532,2
2007-09-13,4.509,2
2007-09-14,4.521,2
2007-09-15,4.542,2
2007-09-16,4.53,2
2007-09-17,4.521,2
2007-09-18,4.516,2
2007-09-19,4.507,2
2007-09-20,4.62,2
2007-09-21,4.723,2
2007-09-22,4.742,2
2007-09-23,4.736,2
2007-09-24,4.677,2
2007-09-25,4.686,2
2007-09-26,4.718,2
2007-09-27,4.68,2
2007-09-28,4.622,2
2007-09-29,4.611,2
2007-09-30,4.695,2
2007-10-01,4.748,2
2007-10-02,4.702,2
2007-10-03,4.649,2
2007-10-04,4.638,2
2007-10-05,4.856,2
2007-10-06,4.897,2
2007-10-07,4.772,2
2007-10-08,4.71,2
2007-10-09,4.667,2
2007-10-10,4.627,2
2007-10-11,4.604,2
2007-10-12,4.641,2
2007-10-13,4.623,2
2007-10-14,4.594,2
2007-10-15,4.579,2
2007-10-16,4.575,2
2007-10-17,4.603,2
2007-10-18,4.637,2
2007-10-19,4.597,2
2007-10-20,4.56,2
2007-10-21,4.551,2
2007-10-22,4.542,2
2007-10-23,4.528,2
2007-10-24,4.517,2
2007-10-25,4.515,2
2007-10-26,4.512,2
2007-10-27,4.509,2
2007-10-28,4.516,2
2007-10-29,4.559,2
2007-10-30,4.587,2
2007-10-31,4.576,2
2007-11-01,4.585,2
2007-11-02,4.568,2
2007-11-03,4.551,2
2007-11-04,4.536,2
2007-11-05,4.521,2
2007-11-06,4.666,2
2007-11-07,4.758,2
2007-11-08,4.772,2
2007-11-09,4.812,2
2007-11-10,4.853,2
2007-11-11,4.764,2
2007-11-12,4.704,2
2007-11-13,4.655,2
2007-11-14,4.62,2
2007-11-15,4.593,2
2007-11-16,4.578,2
2007-11-17,4.572,2
2007-11-18,4.565,2
2007-11-19,4.555,2
2007-11-20,4.545,2
2007-11-21,4.532,2
2007-11-22,4.538,2
2007-11-23,4.54,2
2007-11-24,4.537,2
2007-11-25,4.683,2
2007-11-26,4.815,2
2007-11-27,4.7,2
2007-11-28,4.621,2
2007-11-29,4.659,2
2007-11-30,4.767,2
2007-12-01,4.84,2
2007-12-02,5.039,2
2007-12-03,5.173,2
2007-12-04,5.13,2
2007-12-05,4.99,2
2007-12-06,5.086,2
2007-12-07,5.219,2
2007-12-08,5.3,2
2007-12-09,5.315,2
2007-12-10,5.297,2
2007-12-11,5.175,2
2007-12-12,5.023,2
2007-12-13,4.93,2
2007-12-14,4.867,2
2007-12-15,4.825,2
2007-12-16,4.785,2
2007-12-17,4.747,2
2007-12-18,4.718,2
2007-12-19,4.706,2
2007-12-20,4.697,2
2007-12-21,4.691,2
2007-12-22,4.675,2
2007-12-23,4.665,2
2007-12-24,4.646,2
2007-12-25,4.664,2
2007-12-26,4.727,2
2007-12-27,4.749,2
2007-12-28,4.844,2
2007-12-29,5.072,2
2007-12-30,5.271,2
2007-12-31,5.318,2
2008-01-01,5.144,2
2008-01-02,4.972,2
2008-01-03,4.907,2
2008-01-04,4.84,2
2008-01-05,4.794,2
2008-01-06,4.876,2
2008-01-07,5.028,2
2008-01-08,5.131,2
2008-01-09,5.165,2
2008-01-10,5.213,2
2008-01-11,5.36,2
2008-01-12,5.447,2
2008-01-13,5.427,2
2008-01-14,5.334,2
2008-01-15,5.224,2
2008-01-16,5.369,2
2008-01-17,5.508,2
2008-01-18,5.471,2
2008-01-19,5.382,2
2008-01-20,5.319,2
2008-01-21,5.233,2
2008-01-22,5.136,2
2008-01-23,5.069,2
2008-01-24,5.209,2
2008-01-25,5.226,2
2008-01-26,5.186,2
2008-01-27,5.264,2
2008-01-28,5.229,2
2008-01-29,5.129,2
2008-01-30,5.072,2
2008-01-31,5.082,2
2008-02-01,5.289,2
2008-02-02,5.429,2
2008-02-03,5.427,2
2008-02-04,5.323,2
2008-02-05,5.231,2
2008-02-06,5.302,2
2008-02-07,5.325,2
2008-02-08,5.223,2
2008-02-09,5.116,2
2008-02-10,5.048,2
2008-02-11,4.997,2
2008-02-12,4.963,2
2008-02-13,4.939,2
2008-02-14,4.914,2
2008-02-15,4.875,2
2008-02-16,4.844,2
2008-02-17,4.836,2
2008-02-18,4.838,2
2008-02-19,4.824,2
2008-02-20,4.809,2
2008-02-21,4.803,2
2008-02-22,4.846,2
2008-02-23,4.852,2
2008-02-24,4.857,2
2008-02-25,4.844,2
2008-02-26,4.867,2
2008-02-27,5.075,2
2008-02-28,5.031,2
2008-02-29,4.944,2
2008-03-01,5.129,2
2008-03-02,5.322,2
2008-03-03,5.266,2
2008-03-04,5.185,2
2008-03-05,5.095,2
2008-03-06,5.132,2
2008-03-07,5.26,2
2008-03-08,5.184,2
2008-03-09,5.185,2
2008-03-10,5.312,2
2008-03-11,5.3,2
2008-03-12,5.264,2
2008-03-13,5.343,2
2008-03-14,5.404,2
2008-03-15,5.415,2
2008-03-16,5.342,2
2008-03-17,5.237,2
2008-03-18,5.12,2
2008-03-19,5.035,2
2008-03-20,4.98,2
2008-03-21,5.14,2
2008-03-22,5.211,2
2008-03-23,5.107,2
2008-03-24,5.033,2
2008-03-25,5.028,2
2008-03-26,5.031,2
2008-03-27,5.043,2
2008-03-28,5.013,2
2008-03-29,5.02,2
2008-03-30,5.075,2
2008-03-31,5.099,2
2008-04-01,5.163,2
2008-04-02,5.153,2
2008-04-03,5.18,2
2008-04-04,5.151,2
2008-04-05,5.092,2
2008-04-06,5.046,2
2008-04-07,4.988,2
2008-04-08,4.929,2
2008-04-09,4.889,2
2008-04-10,4.861,2
2008-04-11,4.835,2
2008-04-12,4.857,2
2008-04-13,4.862,2
2008-04-14,4.822,2
2008-04-15,4.792,2
2008-04-16,4.768,2
2008-04-17,4.757,2
2008-04-18,4.763,2
2008-04-19,4.749,2
2008-04-20,4.728,2
2008-04-21,4.71,2
2008-04-22,4.688,2
2008-04-23,4.676,2
2008-04-24,4.671,2
2008-04-25,4.665,2
2008-04-26,4.663,2
2008-04-27,4.654,2
2008-04-28,4.656,2
2008-04-29,4.777,2
2008-04-30,4.873,2
2008-05-01,4.86,2
2008-05-02,4.764,2
2008-05-03,4.736,2
2008-05-04,4.708,2
2008-05-05,4.675,2
2008-05-06,4.642,2
2008-05-07,4.611,2
2008-05-08,4.603,2
2008-05-09,4.587,2
2008-05-10,4.568,2
2008-05-11,4.552,2
2008-05-12,4.539,2
2008-05-13,4.522,2
2008-05-14,4.514,2
2008-05-15,4.504,2
2008-05-16,4.509,2
2008-05-17,4.488,2
2008-05-18,4.474,2
2008-05-19,4.469,2
2008-05-20,4.465,2
2008-05-21,4.455,2
2008-05-22,4.44,2
2008-05-23,4.421,2
2008-05-24,4.419,2
2008-05-25,4.397,2
2008-05-26,4.385,2
2008-05-27,4.386,2
2008-05-28,4.373,2
2008-05-29,4.36,2
2008-05-30,4.353,2
2008-05-31,4.337,2
2008-06-01,4.321,2
2008-06-02,4.317,2
2008-06-03,4.312,2
2008-06-04,4.308,2
2008-06-05,4.306,2
2008-06-06,4.306,2
2008-06-07,4.305,2
2008-06-08,4.304,2
2008-06-09,4.304,2
2008-06-10,4.303,2
2008-06-11,4.304,2
2008-06-12,4.305,2
2008-06-13,4.305,2
2008-06-14,4.305,2
2008-06-15,4.329,2
2008-06-16,4.379,2
2008-06-17,4.362,2
2008-06-18,4.327,2
2008-06-19,4.321,2
2008-06-20,4.334,2
2008-06-21,4.319,2
2008-06-22,4.318,2
2008-06-23,4.353,2
2008-06-24,4.336,2
2008-06-25,4.318,2
2008-06-26,4.307,2
2008-06-27,4.327,2
2008-06-28,4.363,2
2008-06-29,4.34,2
2008-06-30,4.356,2
2008-07-01,4.356,2
2008-07-02,4.323,2
2008-07-03,4.305,2
2008-07-04,4.303,2
2008-07-05,4.301,2
2008-07-06,4.303,2
2008-07-07,4.303,2
2008-07-08,4.309,2
2008-07-09,4.321,2
2008-07-10,4.316,2
2008-07-11,4.332,2
2008-07-12,4.365,2
2008-07-13,4.405,2
2008-07-14,4.38,2
2008-07-15,4.357,2
2008-07-16,4.351,2
2008-07-17,4.344,2
2008-07-18,4.342,2
2008-07-19,4.369,2
2008-07-20,4.468,2
2008-07-21,4.5,2
2008-07-22,4.457,2
2008-07-23,4.407,2
2008-07-24,4.38,2
2008-07-25,4.353,2
2008-07-26,4.335,2
2008-07-27,4.32,2
2008-07-28,4.308,2
2008-07-29,4.306,2
2008-07-30,4.305,2
2008-07-31,4.304,2
2008-08-01,4.303,2
2008-08-02,4.304,2
2008-08-03,4.325,2
2008-08-04,4.353,2
2008-08-05,4.444,2
2008-08-06,4.503,2
2008-08-07,4.454,2
2008-08-08,4.477,2
2008-08-09,4.494,2
2008-08-10,4.468,2
2008-08-11,4.515,2
2008-08-12,4.526,2
2008-08-13,4.518,2
2008-08-14,4.542,2
2008-08-15,4.529,2
2008-08-16,4.493,2
2008-08-17,4.461,2
2008-08-18,4.449,2
2008-08-19,4.462,2
2008-08-20,4.555,2
2008-08-21,4.699,2
2008-08-22,4.722,2
2008-08-23,4.68,2
2008-08-24,4.627,2
2008-08-25,4.577,2
2008-08-26,4.56,2
2008-08-27,4.573,2
2008-08-28,4.64,2
2008-08-29,4.648,2
2008-08-30,4.601,2
2008-08-31,4.545,2
2008-09-01,4.515,2
2008-09-02,4.503,2
2008-09-03,4.551,2
2008-09-04,4.628,2
2008-09-05,4.756,2
2008-09-06,4.815,2
2008-09-07,4.83,2
2008-09-08,4.851,2
2008-09-09,4.895,2
2008-09-10,4.859,2
2008-09-11,4.823,2
2008-09-12,4.763,2
2008-09-13,4.686,2
2008-09-14,4.622,2
2008-09-15,4.587,2
2008-09-16,4.557,2
2008-09-17,4.544,2
2008-09-18,4.527,2
2008-09-19,4.513,2
2008-09-20,4.503,2
2008-09-21,4.488,2
2008-09-22,4.48,2
2008-09-23,4.474,2
2008-09-24,4.467,2
2008-09-25,4.456,2
2008-09-26,4.447,2
2008-09-27,4.443,2
2008-09-28,4.446,2
2008-09-29,4.45,2
2008-09-30,4.524,2
2008-10-01,4.644,2
2008-10-02,4.765,2
2008-10-03,4.78,2
2008-10-04,4.712,2
2008-10-05,4.915,2
2008-10-06,5.257,2
2008-10-07,5.299,2
2008-10-08,5.045,2
2008-10-09,4.897,2
2008-10-10,4.828,2
2008-10-11,4.757,2
2008-10-12,4.726,2
2008-10-13,4.7,2
2008-10-14,4.676,2
2008-10-15,4.693,2
2008-10-16,4.912,2
2008-10-17,5.005,2
2008-10-18,4.964,2
2008-10-19,4.998,2
2008-10-20,5.045,2
2008-10-21,5.039,2
2008-10-22,5.131,2
2008-10-23,5.147,2
2008-10-24,5.101,2
2008-10-25,5.161,2
2008-10-26,5.275,2
2008-10-27,5.478,2
2008-10-28,5.604,2
2008-10-29,5.536,2
2008-10-30,5.413,2
2008-10-31,5.276,2
2008-11-01,5.122,2
2008-11-02,5.02,2
2008-11-03,4.956,2
2008-11-04,4.908,2
2008-11-05,4.877,2
2008-11-06,4.841,2
2008-11-07,4.816,2
2008-11-08,4.808,2
2008-11-09,4.808,2
2008-11-10,4.932,2
2008-11-11,5.193,2
2008-11-12,5.379,2
2008-11-13,5.5,2
2008-11-14,5.505,2
2008-11-15,5.461,2
2008-11-16,5.372,2
2008-11-17,5.25,2
2008-11-18,5.204,2
2008-11-19,5.279,2
2008-11-20,5.271,2
2008-11-21,5.226,2
2008-11-22,5.134,2
2008-11-23,5.027,2
2008-11-24,4.953,2
2008-11-25,4.887,2
2008-11-26,4.861,2
2008-11-27,4.884,2
2008-11-28,4.955,2
2008-11-29,5.115,2
2008-11-30,5.082,2
2008-12-01,4.992,2
2008-12-02,4.966,2
2008-12-03,4.925,2
2008-12-04,4.868,2
2008-12-05,4.858,2
2008-12-06,4.857,2
2008-12-07,4.823,2
2008-12-08,4.813,2
2008-12-09,4.848,2
2008-12-10,4.833,2
2008-12-11,4.798,2
2008-12-12,4.766,2
2008-12-13,4.751,2
2008-12-14,4.745,2
2008-12-15,4.735,2
2008-12-16,4.715,2
2008-12-17,4.709,2
2008-12-18,4.704,2
2008-12-19,4.729,2
2008-12-20,4.837,2
2008-12-21,4.858,2
2008-12-22,4.807,2
2008-12-23,4.746,2
2008-12-24,4.721,2
2008-12-25,4.691,2
2008-12-26,4.66,2
2008-12-27,4.647,2
2008-12-28,4.641,2
2008-12-29,4.634,2
2008-12-30,4.622,2
2008-12-31,4.61,2
2009-01-01,4.594,2
2009-01-02,4.581,2
2009-01-03,4.586,2
2009-01-04,4.604,2
2009-01-05,4.575,2
2009-01-06,4.555,2
2009-01-07,4.577,2
2009-01-08,4.556,2
2009-01-09,4.577,2
2009-01-10,4.591,2
2009-01-11,4.585,2
2009-01-12,4.608,2
2009-01-13,4.9,2
2009-01-14,5.094,2
2009-01-15,4.971,2
2009-01-16,4.839,2
2009-01-17,4.776,2
2009-01-18,4.75,2
2009-01-19,4.899,2
2009-01-20,5.032,2
2009-01-21,5.154,2
2009-01-22,5.016,2
2009-01-23,4.953,2
2009-01-24,5.038,2
2009-01-25,5.028,2
2009-01-26,4.914,2
2009-01-27,4.831,2
2009-01-28,4.776,2
2009-01-29,4.732,2
2009-01-30,4.693,2
2009-01-31,4.667,2
2009-02-01,4.647,2
2009-02-02,4.633,2
2009-02-03,4.619,2
2009-02-04,4.629,2
2009-02-05,4.615,2
2009-02-06,4.643,2
2009-02-07,4.746,2
2009-02-08,4.786,2
2009-02-09,4.728,2
2009-02-10,4.705,2
2009-02-11,4.691,2
2009-02-12,4.658,2
2009-02-13,4.617,2
2009-02-14,4.587,2
2009-02-15,4.59,2
2009-02-16,4.627,2
2009-02-17,4.66,2
2009-02-18,4.635,2
2009-02-19,4.62,2
2009-02-20,4.669,2
2009-02-21,4.704,2
2009-02-22,4.861,2
2009-02-23,4.908,2
2009-02-24,4.795,2
2009-02-25,4.747,2
2009-02-26,4.761,2
2009-02-27,4.743,2
2009-02-28,4.693,2
2009-03-01,4.663,2
2009-03-02,4.688,2
2009-03-03,4.77,2
2009-03-04,4.759,2
2009-03-05,4.727,2
2009-03-06,4.673,2
2009-03-07,4.648,2
2009-03-08,4.709,2
2009-03-09,4.867,2
2009-03-10,4.835,2
2009-03-11,4.766,2
2009-03-12,4.729,2
2009-03-13,4.789,2
2009-03-14,4.755,2
2009-03-15,4.753,2
2009-03-16,4.738,2
2009-03-17,4.743,2
2009-03-18,4.71,2
2009-03-19,4.662,2
2009-03-20,4.629,2
2009-03-21,4.61,2
2009-03-22,4.611,2
2009-03-23,4.614,2
2009-03-24,4.688,2
2009-03-25,4.649,2
2009-03-26,4.607,2
2009-03-27,4.648,2
2009-03-28,4.731,2
2009-03-29,4.696,2
2009-03-30,4.643,2
2009-03-31,4.602,2
2009-04-01,4.582,2
2009-04-02,4.563,2
2009-04-03,4.556,2
2009-04-04,4.545,2
2009-04-05,4.534,2
2009-04-06,4.517,2
2009-04-07,4.515,2
2009-04-08,4.533,2
2009-04-09,4.564,2
2009-04-10,4.538,2
2009-04-11,4.512,2
2009-04-12,4.499,2
2009-04-13,4.484,2
2009-04-14,4.477,2
2009-04-15,4.47,2
2009-04-16,4.459,2
2009-04-17,4.454,2
2009-04-18,4.442,2
2009-04-19,4.434,2
2009-04-20,4.426,2
2009-04-21,4.42,2
2009-04-22,4.417,2
2009-04-23,4.411,2
2009-04-24,4.404,2
2009-04-25,4.395,2
2009-04-26,4.385,2
2009-04-27,4.387,2
2009-04-28,4.386,2
2009-04-29,4.378,2
2009-04-30,4.37,2
2009-05-01,4.343,2
2009-05-02,4.312,2
2009-05-03,4.313,2
2009-05-04,4.392,2
2009-05-05,4.437,2
2009-05-06,4.481,2
2009-05-07,4.468,2
2009-05-08,4.432,2
2009-05-09,4.412,2
2009-05-10,4.388,2
2009-05-11,4.366,2
2009-05-12,4.351,2
2009-05-13,4.34,2
2009-05-14,4.329,2
2009-05-15,4.31,2
2009-05-16,4.309,2
2009-05-17,4.339,2
2009-05-18,4.376,2
2009-05-19,4.383,2
2009-05-20,4.359,2
2009-05-21,4.348,2
2009-05-22,4.362,2
2009-05-23,4.343,2
2009-05-24,4.316,2
2009-05-25,4.309,2
2009-05-26,4.305,2
2009-05-27,4.319,2
2009-05-28,4.321,2
2009-05-29,4.294,2
2009-05-30,4.284,2
2009-05-31,4.282,2
2009-06-01,4.28,2
2009-06-02,4.279,2
2009-06-03,4.279,2
2009-06-04,4.278,2
2009-06-05,4.278,2
2009-06-06,4.277,2
2009-06-07,4.277,2
2009-06-08,4.277,2
2009-06-09,4.276,2
2009-06-10,4.282,2
2009-06-11,4.293,2
2009-06-12,4.285,2
2009-06-13,4.279,2
2009-06-14,4.277,2
2009-06-15,4.274,2
2009-06-16,4.272,2
2009-06-17,4.272,2
2009-06-18,4.271,2
2009-06-19,4.27,2
2009-06-20,4.27,2
2009-06-21,4.27,2
2009-06-22,4.269,2
2009-06-23,4.269,2
2009-06-24,4.268,2
2009-06-25,4.268,2
2009-06-26,4.267,2
2009-06-27,4.267,2
2009-06-28,4.266,2
2009-06-29,4.266,2
2009-06-30,4.266,2
2009-07-01,4.265,2
2009-07-02,4.265,2
2009-07-03,4.265,2
2009-07-04,4.264,2
2009-07-05,4.264,2
2009-07-06,4.263,2
2009-07-07,4.263,2
2009-07-08,4.263,2
2009-07-09,4.263,2
2009-07-10,4.264,2
2009-07-11,4.265,2
2009-07-12,4.265,2
2009-07-13,4.268,2
2009-07-14,4.269,2
2009-07-15,4.268,2
2009-07-16,4.268,2
2009-07-17,4.269,2
2009-07-18,4.271,2
2009-07-19,4.275,2
2009-07-20,4.276,2
2009-07-21,4.28,2
2009-07-22,4.279,2
2009-07-23,4.281,2
2009-07-24,4.288,2
2009-07-25,4.289,2
2009-07-26,4.296,2
2009-07-27,4.295,2
2009-07-28,4.313,2
2009-07-29,4.303,2
2009-07-30,4.32,2
2009-07-31,4.394,2
2009-08-01,4.366,2
2009-08-02,4.33,2
2009-08-03,4.327,2
2009-08-04,4.32,2
2009-08-05,4.303,2
2009-08-06,4.293,2
2009-08-07,4.293,2
2009-08-08,4.297,2
2009-08-09,4.411,2
2009-08-10,4.385,2
2009-08-11,4.388,2
2009-08-12,4.358,2
2009-08-13,4.353,2
2009-08-14,4.344,2
2009-08-15,4.347,2
2009-08-16,4.386,2
2009-08-17,4.372,2
2009-08-18,4.376,2
2009-08-19,4.357,2
2009-08-20,4.337,2
2009-08-21,4.387,2
2009-08-22,4.428,2
2009-08-23,4.4,2
2009-08-24,4.368,2
2009-08-25,4.347,2
2009-08-26,4.367,2
2009-08-27,4.373,2
2009-08-28,4.365,2
2009-08-29,4.387,2
2009-08-30,4.472,2
2009-08-31,4.534,2
2009-09-01,4.52,2
2009-09-02,4.503,2
2009-09-03,4.5,2
2009-09-04,4.616,2
2009-09-05,5.069,2
2009-09-06,5.248,2
2009-09-07,5.159,2
2009-09-08,4.875,2
2009-09-09,4.742,2
2009-09-10,4.655,2
2009-09-11,4.601,2
2009-09-12,4.558,2
2009-09-13,4.526,2
2009-09-14,4.493,2
2009-09-15,4.472,2
2009-09-16,4.456,2
2009-09-17,4.451,2
2009-09-18,4.437,2
2009-09-19,4.425,2
2009-09-20,4.418,2
2009-09-21,4.414,2
2009-09-22,4.413,2
2009-09-23,4.409,2
2009-09-24,4.404,2
2009-09-25,4.4,2
2009-09-26,4.389,2
2009-09-27,4.382,2
2009-09-28,4.389,2
2009-09-29,4.393,2
2009-09-30,4.381,2
2009-10-01,4.388,2
2009-10-02,4.397,2
2009-10-03,4.452,2
2009-10-04,4.744,2
2009-10-05,4.814,2
2009-10-06,4.692,2
2009-10-07,4.745,2
2009-10-08,4.829,2
2009-10-09,4.703,2
2009-10-10,4.616,2
2009-10-11,4.571,2
2009-10-12,4.55,2
2009-10-13,4.52,2
2009-10-14,4.484,2
2009-10-15,4.456,2
2009-10-16,4.467,2
2009-10-17,4.479,2
2009-10-18,4.457,2
2009-10-19,4.451,2
2009-10-20,4.45,2
2009-10-21,4.422,2
2009-10-22,4.422,2
2009-10-23,4.417,2
2009-10-24,4.408,2
2009-10-25,4.437,2
2009-10-26,4.592,2
2009-10-27,4.72,2
2009-10-28,4.665,2
2009-10-29,4.791,2
2009-10-30,4.798,2
2009-10-31,4.684,2
2009-11-01,4.613,2
2009-11-02,4.607,2
2009-11-03,4.631,2
2009-11-04,4.648,2
2009-11-05,4.737,2
2009-11-06,4.717,2
2009-11-07,4.658,2
2009-11-08,4.634,2
2009-11-09,4.618,2
2009-11-10,4.606,2
2009-11-11,4.644,2
2009-11-12,4.709,2
2009-11-13,4.714,2
2009-11-14,4.763,2
2009-11-15,4.768,2
2009-11-16,4.717,2
2009-11-17,4.697,2
2009-11-18,4.822,2
2009-11-19,5.207,2
2009-11-20,5.293,2
2009-11-21,5.119,2
2009-11-22,4.989,2
2009-11-23,5.155,2
2009-11-24,5.329,2
2009-11-25,5.409,2
2009-11-26,5.379,2
2009-11-27,5.393,2
2009-11-28,5.448,2
2009-11-29,5.437,2
2009-11-30,5.39,2
2009-12-01,5.294,2
2009-12-02,5.132,2
2009-12-03,5.008,2
2009-12-04,4.987,2
2009-12-05,5.067,2
2009-12-06,5.197,2
2009-12-07,5.213,2
2009-12-08,5.196,2
2009-12-09,5.067,2
2009-12-10,4.982,2
2009-12-11,4.955,2
2009-12-12,4.926,2
2009-12-13,4.874,2
2009-12-14,4.837,2
2009-12-15,4.8,2
2009-12-16,4.887,2
2009-12-17,4.939,2
2009-12-18,4.846,2
2009-12-19,4.776,2
2009-12-20,4.743,2
2009-12-21,4.713,2
2009-12-22,4.703,2
2009-12-23,4.704,2
2009-12-24,4.696,2
2009-12-25,4.711,2
2009-12-26,4.82,2
2009-12-27,4.868,2
2009-12-28,5.03,2
2009-12-29,5.1,2
2009-12-30,4.979,2
2009-12-31,4.872,2
2010-01-01,4.787,2
2010-01-02,4.71,2
2010-01-03,4.666,2
2010-01-04,4.641,2
2010-01-05,4.63,2
2010-01-06,4.63,2
2010-01-07,4.618,2
2010-01-08,4.598,2
2010-01-09,4.581,2
2010-01-10,4.564,2
2010-01-11,4.556,2
2010-01-12,4.555,2
2010-01-13,4.552,2
2010-01-14,4.555,2
2010-01-15,4.542,2
2010-01-16,4.53,2
2010-01-17,4.529,2
2010-01-18,4.524,2
2010-01-19,4.517,2
2010-01-20,4.514,2
2010-01-21,4.507,2
2010-01-22,4.502,2
2010-01-23,4.492,2
2010-01-24,4.482,2
2010-01-25,4.472,2
2010-01-26,4.462,2
2010-01-27,4.476,2
2010-01-28,4.592,2
2010-01-29,4.598,2
2010-01-30,4.55,2
2010-01-31,4.516,2
2010-02-01,4.492,2
2010-02-02,4.483,2
2010-02-03,4.49,2
2010-02-04,4.461,2
2010-02-05,4.449,2
2010-02-06,4.444,2
2010-02-07,4.444,2
2010-02-08,4.439,2
2010-02-09,4.435,2
2010-02-10,4.428,2
2010-02-11,4.416,2
2010-02-12,4.409,2
2010-02-13,4.4,2
2010-02-14,4.397,2
2010-02-15,4.395,2
2010-02-16,4.393,2
2010-02-17,4.39,2
2010-02-18,4.39,2
2010-02-19,4.394,2
2010-02-20,4.414,2
2010-02-21,4.417,2
2010-02-22,4.403,2
2010-02-23,4.402,2
2010-02-24,4.384,2
2010-02-25,4.39,2
2010-02-26,4.449,2
2010-02-27,4.678,2
2010-02-28,4.899,2
2010-03-01,5.114,2
2010-03-02,5.154,2
2010-03-03,5.008,2
2010-03-04,4.845,2
2010-03-05,4.739,2
2010-03-06,4.661,2
2010-03-07,4.609,2
2010-03-08,4.581,2
2010-03-09,4.556,2
2010-03-10,4.544,2
2010-03-11,4.582,2
2010-03-12,4.876,2
2010-03-13,5.173,2
2010-03-14,5.258,2
2010-03-15,5.199,2
2010-03-16,4.952,2
2010-03-17,4.833,2
2010-03-18,4.797,2
2010-03-19,4.772,2
2010-03-20,4.756,2
2010-03-21,4.786,2
2010-03-22,4.763,2
2010-03-23,4.707,2
2010-03-24,4.667,2
2010-03-25,4.634,2
2010-03-26,4.619,2
2010-03-27,4.612,2
2010-03-28,4.587,2
2010-03-29,4.572,2
2010-03-30,4.557,2
2010-03-31,4.586,2
2010-04-01,4.634,2
2010-04-02,4.683,2
2010-04-03,4.705,2
2010-04-04,4.719,2
2010-04-05,4.778,2
2010-04-06,4.7,2
2010-04-07,4.65,2
2010-04-08,4.606,2
2010-04-09,4.565,2
2010-04-10,4.537,2
2010-04-11,4.511,2
2010-04-12,4.496,2
2010-04-13,4.482,2
2010-04-14,4.471,2
2010-04-15,4.461,2
2010-04-16,4.453,2
2010-04-17,4.437,2
2010-04-18,4.427,2
2010-04-19,4.418,2
2010-04-20,4.418,2
2010-04-21,4.447,2
2010-04-22,4.433,2
2010-04-23,4.425,2
2010-04-24,4.409,2
2010-04-25,4.402,2
2010-04-26,4.399,2
2010-04-27,4.433,2
2010-04-28,4.403,2
2010-04-29,4.399,2
2010-04-30,4.396,2
2010-05-01,4.399,2
2010-05-02,4.381,2
2010-05-03,4.378,2
2010-05-04,4.368,2
2010-05-05,4.349,2
2010-05-06,4.345,2
2010-05-07,4.336,2
2010-05-08,4.337,2
2010-05-09,4.35,2
2010-05-10,4.345,2
2010-05-11,4.336,2
2010-05-12,4.335,2
2010-05-13,4.371,2
2010-05-14,4.366,2
2010-05-15,4.353,2
2010-05-16,4.479,2
2010-05-17,4.647,2
2010-05-18,4.561,2
2010-05-19,4.472,2
2010-05-20,4.435,2
2010-05-21,4.395,2
2010-05-22,4.38,2
2010-05-23,4.361,2
2010-05-24,4.361,2
2010-05-25,4.369,2
2010-05-26,4.339,2
2010-05-27,4.322,2
2010-05-28,4.32,2
2010-05-29,4.324,2
2010-05-30,4.332,2
2010-05-31,4.366,2
2010-06-01,4.354,2
2010-06-02,4.32,2
2010-06-03,4.311,2
2010-06-04,4.309,2
2010-06-05,4.305,2
2010-06-06,4.303,2
2010-06-07,4.302,2
2010-06-08,4.305,2
2010-06-09,4.306,2
2010-06-10,4.312,2
2010-06-11,4.354,2
2010-06-12,4.47,2
2010-06-13,4.464,2
2010-06-14,4.406,2
2010-06-15,4.366,2
2010-06-16,4.327,2
2010-06-17,4.315,2
2010-06-18,4.311,2
2010-06-19,4.302,2
2010-06-20,4.301,2
2010-06-21,4.3,2
2010-06-22,4.299,2
2010-06-23,4.298,2
2010-06-24,4.292,2
2010-06-25,4.289,2
2010-06-26,4.289,2
2010-06-27,4.288,2
2010-06-28,4.287,2
2010-06-29,4.286,2
2010-06-30,4.286,2
2010-07-01,4.285,2
2010-07-02,4.284,2
2010-07-03,4.284,2
2010-07-04,4.283,2
2010-07-05,4.284,2
2010-07-06,4.282,2
2010-07-07,4.282,2
2010-07-08,4.281,2
2010-07-09,4.28,2
2010-07-10,4.279,2
2010-07-11,4.279,2
2010-07-12,4.279,2
2010-07-13,4.289,2
2010-07-14,4.291,2
2010-07-15,4.286,2
2010-07-16,4.286,2
2010-07-17,4.286,2
2010-07-18,4.287,2
2010-07-19,4.287,2
2010-07-20,4.287,2
2010-07-21,4.287,2
2010-07-22,4.288,2
2010-07-23,4.288,2
2010-07-24,4.289,2
2010-07-25,4.289,2
2010-07-26,4.29,2
2010-07-27,4.29,2
2010-07-28,4.29,2
2010-07-29,4.379,2
2010-07-30,4.375,2
2010-07-31,4.376,2
2010-08-01,4.358,2
2010-08-02,4.337,2
2010-08-03,4.315,2
2010-08-04,4.299,2
2010-08-05,4.333,2
2010-08-06,4.327,2
2010-08-07,4.304,2
2010-08-08,4.299,2
2010-08-09,4.299,2
2010-08-10,4.3,2
2010-08-11,4.3,2
2010-08-12,4.302,2
2010-08-13,4.312,2
2010-08-14,4.305,2
2010-08-15,4.302,2
2010-08-16,4.303,2
2010-08-17,4.31,2
2010-08-18,4.486,2
2010-08-19,4.955,2
2010-08-20,5.31,2
2010-08-21,5.276,2
2010-08-22,5.12,2
2010-08-23,5.048,2
2010-08-24,5.058,2
2010-08-25,5.087,2
2010-08-26,4.989,2
2010-08-27,4.858,2
2010-08-28,4.752,2
2010-08-29,4.692,2
2010-08-30,4.64,2
2010-08-31,4.601,2
2010-09-01,4.58,2
2010-09-02,4.542,2
2010-09-03,4.518,2
2010-09-04,4.502,2
2010-09-05,4.479,2
2010-09-06,4.461,2
2010-09-07,4.448,2
2010-09-08,4.434,2
2010-09-09,4.421,2
2010-09-10,4.463,2
2010-09-11,4.499,2
2010-09-12,4.5,2
2010-09-13,4.523,2
2010-09-14,4.603,2
2010-09-15,4.772,2
2010-09-16,4.962,2
2010-09-17,5.056,2
2010-09-18,5.08,2
2010-09-19,5.027,2
2010-09-20,4.915,2
2010-09-21,4.971,2
2010-09-22,4.983,2
2010-09-23,4.857,2
2010-09-24,4.765,2
2010-09-25,4.721,2
2010-09-26,4.685,2
2010-09-27,4.658,2
2010-09-28,4.634,2
2010-09-29,4.597,2
2010-09-30,4.57,2
2010-10-01,4.548,2
2010-10-02,4.529,2
2010-10-03,4.522,2
2010-10-04,4.521,2
2010-10-05,4.509,2
2010-10-06,4.495,2
2010-10-07,4.552,2
2010-10-08,4.581,2
2010-10-09,4.543,2
2010-10-10,4.516,2
2010-10-11,4.5,2
2010-10-12,4.488,2
2010-10-13,4.479,2
2010-10-14,4.471,2
2010-10-15,4.464,2
2010-10-16,4.468,2
2010-10-17,4.458,2
2010-10-18,4.453,2
2010-10-19,4.601,2
2010-10-20,4.708,2
2010-10-21,4.681,2
2010-10-22,4.737,2
2010-10-23,4.877,2
2010-10-24,5.17,2
2010-10-25,5.369,2
2010-10-26,5.402,2
2010-10-27,5.302,2
2010-10-28,5.251,2
2010-10-29,5.241,2
2010-10-30,5.131,2
2010-10-31,5.004,2
2010-11-01,4.913,2
2010-11-02,4.848,2
2010-11-03,4.974,2
2010-11-04,5.148,2
2010-11-05,5.238,2
2010-11-06,5.32,2
2010-11-07,5.304,2
2010-11-08,5.167,2
2010-11-09,5.024,2
2010-11-10,4.934,2
2010-11-11,4.868,2
2010-11-12,4.972,2
2010-11-13,5.232,2
2010-11-14,5.318,2
2010-11-15,5.247,2
2010-11-16,5.219,2
2010-11-17,5.105,2
2010-11-18,5.001,2
2010-11-19,4.937,2
2010-11-20,4.973,2
2010-11-21,4.984,2
2010-11-22,4.927,2
2010-11-23,4.894,2
2010-11-24,4.904,2
2010-11-25,4.853,2
2010-11-26,4.796,2
2010-11-27,4.76,2
2010-11-28,4.738,2
2010-11-29,4.72,2
2010-11-30,4.695,2
2010-12-01,4.671,2
2010-12-02,4.659,2
2010-12-03,4.652,2
2010-12-04,4.644,2
2010-12-05,4.645,2
2010-12-06,4.646,2
2010-12-07,4.656,2
2010-12-08,4.646,2
2010-12-09,4.624,2
2010-12-10,4.603,2
2010-12-11,4.87,2
2010-12-12,,2
2011-01-01,4.636,2
2011-01-02,4.622,2
2011-01-03,4.514,2
2011-01-04,4.479,2
2011-01-05,4.503,2
2011-01-06,4.517,2
2011-01-07,4.489,2
2011-01-08,4.67,2
2011-01-09,5.564,2
2011-01-10,5.655,2
2011-01-11,5.289,2
2011-01-12,4.867,2
2011-01-13,4.756,2
2011-01-14,5.299,2
2011-01-15,5.606,2
2011-01-16,5.746,2
2011-01-17,5.726,2
2011-01-18,5.536,2
2011-01-19,5.352,2
2011-01-20,5.159,2
2011-01-21,4.993,2
2011-01-22,4.904,2
2011-01-23,4.85,2
2011-01-24,4.806,2
2011-01-25,4.823,2
2011-01-26,4.817,2
2011-01-27,4.748,2
2011-01-28,4.694,2
2011-01-29,4.666,2
2011-01-30,4.647,2
2011-01-31,4.62,2
2011-02-01,4.619,2
2011-02-02,4.722,2
2011-02-03,4.802,2
2011-02-04,5.001,2
2011-02-05,5.307,2
2011-02-06,5.275,2
2011-02-07,5.216,2
2011-02-08,5.204,2
2011-02-09,5.09,2
2011-02-10,4.991,2
2011-02-11,5.013,2
2011-02-12,4.938,2
2011-02-13,4.83,2
2011-02-14,4.766,2
2011-02-15,4.725,2
2011-02-16,4.703,2
2011-02-17,4.677,2
2011-02-18,4.654,2
2011-02-19,4.633,2
2011-02-20,4.609,2
2011-02-21,4.586,2
2011-02-22,4.563,2
2011-02-23,4.556,2
2011-02-24,4.546,2
2011-02-25,4.537,2
2011-02-26,4.596,2
2011-02-27,4.785,2
2011-02-28,4.624,2
2011-03-01,4.569,2
2011-03-02,4.547,2
2011-03-03,4.54,2
2011-03-04,4.539,2
2011-03-05,4.571,2
2011-03-06,4.571,2
2011-03-07,4.546,2
2011-03-08,4.535,2
2011-03-09,4.542,2
2011-03-10,4.608,2
2011-03-11,4.741,2
2011-03-12,4.735,2
2011-03-13,4.761,2
2011-03-14,4.696,2
2011-03-15,4.654,2
2011-03-16,4.608,2
2011-03-17,4.578,2
2011-03-18,4.563,2
2011-03-19,4.54,2
2011-03-20,4.521,2
2011-03-21,4.513,2
2011-03-22,4.503,2
2011-03-23,4.493,2
2011-03-24,4.486,2
2011-03-25,4.481,2
2011-03-26,4.47,2
2011-03-27,4.46,2
2011-03-28,4.461,2
2011-03-29,4.455,2
2011-03-30,4.448,2
2011-03-31,4.478,2
2011-04-01,4.615,2
2011-04-02,4.638,2
2011-04-03,4.574,2
2011-04-04,4.543,2
2011-04-05,4.54,2
2011-04-06,4.642,2
2011-04-07,4.636,2
2011-04-08,4.585,2
2011-04-09,4.528,2
2011-04-10,4.495,2
2011-04-11,4.479,2
2011-04-12,4.502,2
2011-04-13,4.489,2
2011-04-14,4.455,2
2011-04-15,4.441,2
2011-04-16,4.433,2
2011-04-17,4.429,2
2011-04-18,4.418,2
2011-04-19,4.416,2
2011-04-20,4.403,2
2011-04-21,4.398,2
2011-04-22,4.394,2
2011-04-23,4.382,2
2011-04-24,4.373,2
2011-04-25,4.368,2
2011-04-26,4.362,2
2011-04-27,4.356,2
2011-04-28,4.347,2
2011-04-29,4.334,2
2011-04-30,4.323,2
2011-05-01,4.307,2
2011-05-02,4.291,2
2011-05-03,4.288,2
2011-05-04,4.286,2
2011-05-05,4.284,2
2011-05-06,4.278,2
2011-05-07,4.273,2
2011-05-08,4.268,2
2011-05-09,4.264,2
2011-05-10,4.261,2
2011-05-11,4.262,2
2011-05-12,4.266,2
2011-05-13,4.266,2
2011-05-14,4.268,2
2011-05-15,4.272,2
2011-05-16,4.275,2
2011-05-17,4.318,2
2011-05-18,4.331,2
2011-05-19,4.316,2
2011-05-20,4.303,2
2011-05-21,4.283,2
2011-05-22,4.285,2
2011-05-23,4.294,2
2011-05-24,4.304,2
2011-05-25,4.297,2
2011-05-26,4.291,2
2011-05-27,4.303,2
2011-05-28,4.317,2
2011-05-29,4.367,2
2011-05-30,4.423,2
2011-05-31,4.402,2
2011-06-01,4.356,2
2011-06-02,4.327,2
2011-06-03,4.307,2
2011-06-04,4.297,2
2011-06-05,4.297,2
2011-06-06,4.298,2
2011-06-07,4.298,2
2011-06-08,4.299,2
2011-06-09,4.414,2
2011-06-10,4.479,2
2011-06-11,4.4,2
2011-06-12,4.374,2
2011-06-13,4.348,2
2011-06-14,4.368,2
2011-06-15,4.353,2
2011-06-16,4.339,2
2011-06-17,4.541,2
2011-06-18,4.54,2
2011-06-19,4.489,2
2011-06-20,4.445,2
2011-06-21,4.404,2
2011-06-22,4.377,2
2011-06-23,4.361,2
2011-06-24,4.357,2
2011-06-25,4.337,2
2011-06-26,4.322,2
2011-06-27,4.309,2
2011-06-28,4.304,2
2011-06-29,4.302,2
2011-06-30,4.302,2
2011-07-01,4.301,2
2011-07-02,4.301,2
2011-07-03,4.304,2
2011-07-04,4.304,2
2011-07-05,4.303,2
2011-07-06,4.302,2
2011-07-07,4.302,2
2011-07-08,4.303,2
2011-07-09,4.328,2
2011-07-10,4.318,2
2011-07-11,4.313,2
2011-07-12,4.308,2
2011-07-13,4.308,2
2011-07-14,4.346,2
2011-07-15,4.43,2
2011-07-16,4.421,2
2011-07-17,4.406,2
2011-07-18,4.445,2
2011-07-19,4.454,2
2011-07-20,4.435,2
2011-07-21,4.388,2
2011-07-22,4.38,2
2011-07-23,4.478,2
2011-07-24,4.537,2
2011-07-25,4.494,2
2011-07-26,4.45,2
2011-07-27,4.417,2
2011-07-28,4.398,2
2011-07-29,4.381,2
2011-07-30,4.364,2
2011-07-31,4.363,2
2011-08-01,4.352,2
2011-08-02,4.349,2
2011-08-03,4.346,2
2011-08-04,4.344,2
2011-08-05,4.363,2
2011-08-06,4.369,2
2011-08-07,4.39,2
2011-08-08,4.446,2
2011-08-09,4.561,2
2011-08-10,4.6,2
2011-08-11,4.603,2
2011-08-12,4.734,2
2011-08-13,4.726,2
2011-08-14,4.633,2
2011-08-15,4.605,2
2011-08-16,4.61,2
2011-08-17,4.571,2
2011-08-18,4.543,2
2011-08-19,4.593,2
2011-08-20,4.707,2
2011-08-21,4.668,2
2011-08-22,4.607,2
2011-08-23,4.563,2
2011-08-24,4.534,2
2011-08-25,4.549,2
2011-08-26,4.53,2
2011-08-27,4.549,2
2011-08-28,4.591,2
2011-08-29,4.614,2
2011-08-30,4.722,2
2011-08-31,4.821,2
2011-09-01,4.849,2
2011-09-02,4.786,2
2011-09-03,4.707,2
2011-09-04,4.652,2
2011-09-05,4.616,2
2011-09-06,4.627,2
2011-09-07,4.96,2
2011-09-08,5.292,2
2011-09-09,5.441,2
2011-09-10,5.473,2
2011-09-11,5.361,2
2011-09-12,5.195,2
2011-09-13,5.157,2
2011-09-14,5.158,2
2011-09-15,5.113,2
2011-09-16,5.031,2
2011-09-17,4.934,2
2011-09-18,4.906,2
2011-09-19,4.896,2
2011-09-20,4.93,2
2011-09-21,5.042,2
2011-09-22,5.254,2
2011-09-23,5.313,2
2011-09-24,5.175,2
2011-09-25,5.034,2
2011-09-26,4.938,2
2011-09-27,4.904,2
2011-09-28,4.859,2
2011-09-29,4.818,2
2011-09-30,4.776,2
2011-10-01,4.736,2
2011-10-02,4.713,2
2011-10-03,4.694,2
2011-10-04,4.682,2
2011-10-05,4.661,2
2011-10-06,4.709,2
2011-10-07,4.899,2
2011-10-08,4.935,2
2011-10-09,4.838,2
2011-10-10,4.878,2
2011-10-11,4.95,2
2011-10-12,4.933,2
2011-10-13,4.869,2
2011-10-14,4.784,2
2011-10-15,4.729,2
2011-10-16,4.699,2
2011-10-17,4.679,2
2011-10-18,4.757,2
2011-10-19,5.09,2
2011-10-20,5.207,2
2011-10-21,5.124,2
2011-10-22,5.011,2
2011-10-23,4.93,2
2011-10-24,4.853,2
2011-10-25,4.801,2
2011-10-26,4.763,2
2011-10-27,4.726,2
2011-10-28,4.693,2
2011-10-29,4.668,2
2011-10-30,4.663,2
2011-10-31,4.683,2
2011-11-01,4.678,2
2011-11-02,4.672,2
2011-11-03,4.645,2
2011-11-04,4.635,2
2011-11-05,4.619,2
2011-11-06,4.6,2
2011-11-07,4.585,2
2011-11-08,4.575,2
2011-11-09,4.565,2
2011-11-10,4.558,2
2011-11-11,4.552,2
2011-11-12,4.533,2
2011-11-13,4.528,2
2011-11-14,4.526,2
2011-11-15,4.522,2
2011-11-16,4.516,2
2011-11-17,4.508,2
2011-11-18,4.509,2
2011-11-19,4.505,2
2011-11-20,4.503,2
2011-11-21,4.497,2
2011-11-22,4.488,2
2011-11-23,4.485,2
2011-11-24,4.492,2
2011-11-25,4.506,2
2011-11-26,4.579,2
2011-11-27,4.626,2
2011-11-28,4.612,2
2011-11-29,4.582,2
2011-11-30,4.585,2
2011-12-01,4.601,2
2011-12-02,4.637,2
2011-12-03,4.723,2
2011-12-04,4.971,2
2011-12-05,5.187,2
2011-12-06,5.148,2
2011-12-07,5.024,2
2011-12-08,4.982,2
2011-12-09,5.248,2
2011-12-10,5.39,2
2011-12-11,5.315,2
2011-12-12,5.142,2
2011-12-13,5.08,2
2011-12-14,5.188,2
2011-12-15,5.228,2
2011-12-16,5.15,2
2011-12-17,5.055,2
2011-12-18,4.958,2
2011-12-19,4.891,2
2011-12-20,4.87,2
2011-12-21,4.887,2
2011-12-22,4.837,2
2011-12-23,4.852,2
2011-12-24,5.01,2
2011-12-25,5.149,2
2011-12-26,5.115,2
2011-12-27,5.004,2
2011-12-28,4.912,2
2011-12-29,4.938,2
2011-12-30,4.949,2
2011-12-31,4.9,2
2012-01-01,4.908,2
2012-01-02,5.055,2
2012-01-03,5.106,2
2012-01-04,5.349,2
2012-01-05,5.47,2
2012-01-06,5.586,2
2012-01-07,5.595,2
2012-01-08,5.482,2
2012-01-09,5.367,2
2012-01-10,5.291,2
2012-01-11,5.215,2
2012-01-12,5.151,2
2012-01-13,5.108,2
2012-01-14,5.041,2
2012-01-15,4.962,2
2012-01-16,4.911,2
2012-01-17,4.891,2
2012-01-18,4.876,2
2012-01-19,5.025,2
2012-01-20,5.172,2
2012-01-21,5.252,2
2012-01-22,5.341,2
2012-01-23,5.373,2
2012-01-24,5.216,2
2012-01-25,5.025,2
2012-01-26,4.915,2
2012-01-27,4.861,2
2012-01-28,4.829,2
2012-01-29,4.801,2
2012-01-30,4.78,2
2012-01-31,4.759,2
2012-02-01,4.733,2
2012-02-02,4.711,2
2012-02-03,4.689,2
2012-02-04,4.65,2
2012-02-05,4.644,2
2012-02-06,4.615,2
2012-02-07,4.593,2
2012-02-08,4.581,2
2012-02-09,4.568,2
2012-02-10,4.558,2
2012-02-11,4.549,2
2012-02-12,4.563,2
2012-02-13,4.572,2
2012-02-14,4.581,2
2012-02-15,4.694,2
2012-02-16,4.68,2
2012-02-17,4.805,2
2012-02-18,4.841,2
2012-02-19,5.078,2
2012-02-20,4.955,2
2012-02-21,4.962,2
2012-02-22,5.101,2
2012-02-23,5.258,2
2012-02-24,5.374,2
2012-02-25,5.242,2
2012-02-26,5.038,2
2012-02-27,4.934,2
2012-02-28,4.918,2
2012-02-29,4.878,2
2012-03-01,4.832,2
2012-03-02,4.794,2
2012-03-03,4.746,2
2012-03-04,4.713,2
2012-03-05,4.695,2
2012-03-06,4.671,2
2012-03-07,4.662,2
2012-03-08,4.767,2
2012-03-09,4.779,2
2012-03-10,4.734,2
2012-03-11,4.724,2
2012-03-12,4.695,2
2012-03-13,4.666,2
2012-03-14,4.64,2
2012-03-15,4.623,2
2012-03-16,4.611,2
2012-03-17,4.609,2
2012-03-18,4.686,2
2012-03-19,5.072,2
2012-03-20,5.046,2
2012-03-21,4.888,2
2012-03-22,4.788,2
2012-03-23,4.735,2
2012-03-24,4.697,2
2012-03-25,4.66,2
2012-03-26,4.638,2
2012-03-27,4.62,2
2012-03-28,4.609,2
2012-03-29,4.598,2
2012-03-30,4.591,2
2012-03-31,4.569,2
2012-04-01,4.556,2
2012-04-02,4.546,2
2012-04-03,4.538,2
2012-04-04,4.521,2
2012-04-05,4.512,2
2012-04-06,4.526,2
2012-04-07,4.56,2
2012-04-08,4.526,2
2012-04-09,4.537,2
2012-04-10,4.666,2
2012-04-11,4.814,2
2012-04-12,4.708,2
2012-04-13,4.647,2
2012-04-14,4.624,2
2012-04-15,4.593,2
2012-04-16,4.562,2
2012-04-17,4.54,2
2012-04-18,4.531,2
2012-04-19,4.52,2
2012-04-20,4.514,2
2012-04-21,4.521,2
2012-04-22,4.555,2
2012-04-23,4.568,2
2012-04-24,4.588,2
2012-04-25,4.594,2
2012-04-26,4.615,2
2012-04-27,4.713,2
2012-04-28,4.643,2
2012-04-29,4.607,2
2012-04-30,4.604,2
2012-05-01,4.562,2
2012-05-02,4.513,2
2012-05-03,4.504,2
2012-05-04,4.49,2
2012-05-05,4.476,2
2012-05-06,4.456,2
2012-05-07,4.443,2
2012-05-08,4.445,2
2012-05-09,4.496,2
2012-05-10,4.534,2
2012-05-11,4.723,2
2012-05-12,4.686,2
2012-05-13,4.584,2
2012-05-14,4.547,2
2012-05-15,4.575,2
2012-05-16,4.678,2
2012-05-17,4.69,2
2012-05-18,4.65,2
2012-05-19,4.578,2
2012-05-20,4.544,2
2012-05-21,4.518,2
2012-05-22,4.5,2
2012-05-23,4.469,2
2012-05-24,4.437,2
2012-05-25,4.416,2
2012-05-26,4.407,2
2012-05-27,4.391,2
2012-05-28,4.382,2
2012-05-29,4.37,2
2012-05-30,4.359,2
2012-05-31,4.356,2
2012-06-01,4.351,2
2012-06-02,4.338,2
2012-06-03,4.332,2
2012-06-04,4.328,2
2012-06-05,4.327,2
2012-06-06,4.326,2
2012-06-07,4.326,2
2012-06-08,4.339,2
2012-06-09,4.399,2
2012-06-10,4.443,2
2012-06-11,4.466,2
2012-06-12,4.431,2
2012-06-13,4.399,2
2012-06-14,4.383,2
2012-06-15,4.374,2
2012-06-16,4.443,2
2012-06-17,4.456,2
2012-06-18,4.437,2
2012-06-19,4.56,2
2012-06-20,4.529,2
2012-06-21,4.451,2
2012-06-22,4.444,2
2012-06-23,4.494,2
2012-06-24,4.488,2
2012-06-25,4.618,2
2012-06-26,4.636,2
2012-06-27,4.548,2
2012-06-28,4.49,2
2012-06-29,4.487,2
2012-06-30,4.507,2
2012-07-01,4.465,2
2012-07-02,4.457,2
2012-07-03,4.424,2
2012-07-04,4.399,2
2012-07-05,4.379,2
2012-07-06,4.368,2
2012-07-07,4.372,2
2012-07-08,4.363,2
2012-07-09,4.371,2
2012-07-10,4.433,2
2012-07-11,4.451,2
2012-07-12,4.554,2
2012-07-13,4.608,2
2012-07-14,4.662,2
2012-07-15,4.794,2
2012-07-16,4.761,2
2012-07-17,4.719,2
2012-07-18,4.649,2
2012-07-19,4.643,2
2012-07-20,4.728,2
2012-07-21,4.758,2
2012-07-22,4.616,2
2012-07-23,4.543,2
2012-07-24,4.492,2
2012-07-25,4.46,2
2012-07-26,4.432,2
2012-07-27,4.41,2
2012-07-28,4.466,2
2012-07-29,4.459,2
2012-07-30,4.442,2
2012-07-31,4.442,2
2012-08-01,4.465,2
2012-08-02,4.457,2
2012-08-03,4.455,2
2012-08-04,4.448,2
2012-08-05,4.456,2
2012-08-06,4.514,2
2012-08-07,4.612,2
2012-08-08,4.601,2
2012-08-09,4.539,2
2012-08-10,4.488,2
2012-08-11,4.457,2
2012-08-12,4.43,2
2012-08-13,4.416,2
2012-08-14,4.398,2
2012-08-15,4.387,2
2012-08-16,4.384,2
2012-08-17,4.435,2
2012-08-18,4.428,2
2012-08-19,4.393,2
2012-08-20,4.378,2
2012-08-21,4.367,2
2012-08-22,4.514,2
2012-08-23,4.751,2
2012-08-24,4.719,2
2012-08-25,4.651,2
2012-08-26,4.635,2
2012-08-27,4.679,2
2012-08-28,4.638,2
2012-08-29,4.59,2
2012-08-30,4.547,2
2012-08-31,4.526,2
2012-09-01,4.498,2
2012-09-02,4.473,2
2012-09-03,4.472,2
2012-09-04,4.466,2
2012-09-05,4.458,2
2012-09-06,4.442,2
2012-09-07,4.442,2
2012-09-08,4.441,2
2012-09-09,4.426,2
2012-09-10,4.42,2
2012-09-11,4.422,2
2012-09-12,4.454,2
2012-09-13,4.461,2
2012-09-14,4.471,2
2012-09-15,4.535,2
2012-09-16,4.545,2
2012-09-17,4.518,2
2012-09-18,4.502,2
2012-09-19,4.56,2
2012-09-20,4.644,2
2012-09-21,4.84,2
2012-09-22,5.239,2
2012-09-23,5.367,2
2012-09-24,5.235,2
2012-09-25,5.128,2
2012-09-26,5.227,2
2012-09-27,5.27,2
2012-09-28,5.277,2
2012-09-29,5.286,2
2012-09-30,5.253,2
2012-10-01,5.277,2
2012-10-02,5.338,2
2012-10-03,5.396,2
2012-10-04,5.42,2
2012-10-05,5.431,2
2012-10-06,5.455,2
2012-10-07,5.466,2
2012-10-08,5.428,2
2012-10-09,5.333,2
2012-10-10,5.203,2
2012-10-11,5.083,2
2012-10-12,4.987,2
2012-10-13,5.053,2
2012-10-14,5.278,2
2012-10-15,5.332,2
2012-10-16,5.24,2
2012-10-17,5.192,2
2012-10-18,5.193,2
2012-10-19,5.186,2
2012-10-20,5.31,2
2012-10-21,5.348,2
2012-10-22,5.267,2
2012-10-23,5.241,2
2012-10-24,5.197,2
2012-10-25,5.111,2
2012-10-26,5.033,2
2012-10-27,4.983,2
2012-10-28,4.934,2
2012-10-29,4.978,2
2012-10-30,5.259,2
2012-10-31,5.329,2
2012-11-01,5.207,2
2012-11-02,5.209,2
2012-11-03,5.413,2
2012-11-04,5.53,2
2012-11-05,5.472,2
2012-11-06,5.349,2
2012-11-07,5.312,2
2012-11-08,5.305,2
2012-11-09,5.327,2
2012-11-10,5.289,2
2012-11-11,5.207,2
2012-11-12,5.192,2
2012-11-13,5.143,2
2012-11-14,5.09,2
2012-11-15,5.045,2
2012-11-16,5.018,2
2012-11-17,4.977,2
2012-11-18,4.949,2
2012-11-19,4.918,2
2012-11-20,4.885,2
2012-11-21,4.86,2
2012-11-22,4.845,2
2012-11-23,4.839,2
2012-11-24,4.886,2
2012-11-25,4.932,2
2012-11-26,5.161,2
2012-11-27,5.291,2
2012-11-28,5.168,2
2012-11-29,5.037,2
2012-11-30,4.949,2
2012-12-01,4.887,2
2012-12-02,4.839,2
2012-12-03,4.804,2
2012-12-04,4.804,2
2012-12-05,4.781,2
2012-12-06,4.747,2
2012-12-07,4.725,2
2012-12-08,4.709,2
2012-12-09,4.724,2
2012-12-10,4.758,2
2012-12-11,4.724,2
2012-12-12,4.698,2
2012-12-13,4.674,2
2012-12-14,4.66,2
2012-12-15,4.7,2
2012-12-16,4.988,2
2012-12-17,5.226,2
2012-12-18,5.181,2
2012-12-19,5.048,2
2012-12-20,4.936,2
2012-12-21,4.867,2
2012-12-22,4.81,2
2012-12-23,4.789,2
2012-12-24,4.884,2
2012-12-25,5.23,2
2012-12-26,5.389,2
2012-12-27,5.418,2
2012-12-28,5.382,2
2012-12-29,5.265,2
2012-12-30,5.229,2
2012-12-31,5.264,2
2013-01-01,5.425,2
2013-01-02,5.532,2
2013-01-03,5.468,2
2013-01-04,5.396,2
2013-01-05,5.366,2
2013-01-06,5.32,2
2013-01-07,5.229,2
2013-01-08,5.174,2
2013-01-09,5.211,2
2013-01-10,5.305,2
2013-01-11,5.243,2
2013-01-12,5.104,2
2013-01-13,5.013,2
2013-01-14,4.95,2
2013-01-15,4.921,2
2013-01-16,4.889,2
2013-01-17,4.857,2
2013-01-18,4.832,2
2013-01-19,4.815,2
2013-01-20,4.796,2
2013-01-21,4.773,2
2013-01-22,4.755,2
2013-01-23,4.742,2
2013-01-24,4.73,2
2013-01-25,4.71,2
2013-01-26,4.702,2
2013-01-27,4.714,2
2013-01-28,4.845,2
2013-01-29,5.106,2
2013-01-30,5.355,2
2013-01-31,5.41,2
2013-02-01,5.304,2
2013-02-02,5.206,2
2013-02-03,5.102,2
2013-02-04,5.086,2
2013-02-05,5.24,2
2013-02-06,5.243,2
2013-02-07,5.161,2
2013-02-08,5.046,2
2013-02-09,4.958,2
2013-02-10,4.898,2
2013-02-11,4.846,2
2013-02-12,4.804,2
2013-02-13,4.779,2
2013-02-14,4.754,2
2013-02-15,4.741,2
2013-02-16,4.727,2
2013-02-17,4.718,2
2013-02-18,4.727,2
2013-02-19,4.771,2
2013-02-20,4.778,2
2013-02-21,4.732,2
2013-02-22,4.706,2
2013-02-23,4.682,2
2013-02-24,4.661,2
2013-02-25,4.652,2
2013-02-26,4.647,2
2013-02-27,4.645,2
2013-02-28,4.646,2
2013-03-01,4.651,2
2013-03-02,4.651,2
2013-03-03,4.658,2
2013-03-04,4.65,2
2013-03-05,4.644,2
2013-03-06,4.643,2
2013-03-07,4.633,2
2013-03-08,4.614,2
2013-03-09,4.602,2
2013-03-10,4.587,2
2013-03-11,4.572,2
2013-03-12,4.563,2
2013-03-13,4.569,2
2013-03-14,4.571,2
2013-03-15,4.555,2
2013-03-16,4.547,2
2013-03-17,4.551,2
2013-03-18,4.545,2
2013-03-19,4.541,2
2013-03-20,4.537,2
2013-03-21,4.531,2
2013-03-22,4.521,2
2013-03-23,4.512,2
2013-03-24,4.506,2
2013-03-25,4.505,2
2013-03-26,4.503,2
2013-03-27,4.5,2
2013-03-28,4.496,2
2013-03-29,4.496,2
2013-03-30,4.497,2
2013-03-31,4.495,2
2013-04-01,4.494,2
2013-04-02,4.485,2
2013-04-03,4.485,2
2013-04-04,4.488,2
2013-04-05,4.485,2
2013-04-06,4.483,2
2013-04-07,4.484,2
2013-04-08,4.49,2
2013-04-09,4.487,2
2013-04-10,4.481,2
2013-04-11,4.52,2
2013-04-12,4.531,2
2013-04-13,4.519,2
2013-04-14,4.506,2
2013-04-15,4.511,2
2013-04-16,4.509,2
2013-04-17,4.496,2
2013-04-18,4.514,2
2013-04-19,4.508,2
2013-04-20,4.474,2
2013-04-21,4.458,2
2013-04-22,4.462,2
2013-04-23,4.467,2
2013-04-24,4.458,2
2013-04-25,4.475,2
2013-04-26,4.533,2
2013-04-27,4.524,2
2013-04-28,4.485,2
2013-04-29,4.475,2
2013-04-30,4.471,2
2013-05-01,4.442,2
2013-05-02,4.424,2
2013-05-03,4.413,2
2013-05-04,4.407,2
2013-05-05,4.402,2
2013-05-06,4.398,2
2013-05-07,4.396,2
2013-05-08,4.416,2
2013-05-09,4.449,2
2013-05-10,4.43,2
2013-05-11,4.416,2
2013-05-12,4.47,2
2013-05-13,4.488,2
2013-05-14,4.469,2
2013-05-15,4.447,2
2013-05-16,4.526,2
2013-05-17,4.54,2
2013-05-18,4.483,2
2013-05-19,4.447,2
2013-05-20,4.43,2
2013-05-21,4.425,2
2013-05-22,4.424,2
2013-05-23,4.405,2
2013-05-24,4.388,2
2013-05-25,4.374,2
2013-05-26,4.371,2
2013-05-27,4.351,2
2013-05-28,4.353,2
2013-05-29,4.372,2
2013-05-30,4.369,2
2013-05-31,4.346,2
2013-06-01,4.335,2
2013-06-02,4.329,2
2013-06-03,4.317,2
2013-06-04,4.313,2
2013-06-05,4.313,2
2013-06-06,,2
2013-06-14,4.383,2
2013-06-15,4.343,2
2013-06-16,4.367,2
2013-06-17,4.335,2
2013-06-18,4.318,2
2013-06-19,4.318,2
2013-06-20,4.332,2
2013-06-21,4.323,2
2013-06-22,4.373,2
2013-06-23,4.396,2
2013-06-24,4.419,2
2013-06-25,4.4,2
2013-06-26,4.365,2
2013-06-27,4.359,2
2013-06-28,4.377,2
2013-06-29,4.369,2
2013-06-30,4.35,2
2013-07-01,4.336,2
2013-07-02,4.331,2
2013-07-03,4.318,2
2013-07-04,4.321,2
2013-07-05,,2
2013-08-12,4.366,2
2013-08-13,4.377,2
2013-08-14,4.366,2
2013-08-15,4.329,2
2013-08-16,4.322,2
2013-08-17,4.364,2
2013-08-18,4.362,2
2013-08-19,4.343,2
2013-08-20,,2
2013-09-03,4.391,2
2013-09-04,4.375,2
2013-09-05,4.34,2
2013-09-06,4.319,2
2013-09-07,4.315,2
2013-09-08,4.327,2
2013-09-09,4.355,2
2013-09-10,,2
2013-09-12,4.437,2
2013-09-13,4.397,2
2013-09-14,4.373,2
2013-09-15,4.443,2
2013-09-16,4.562,2
2013-09-17,4.686,2
2013-09-18,4.729,2
2013-09-19,4.665,2
2013-09-20,4.554,2
2013-09-21,4.489,2
2013-09-22,4.461,2
2013-09-23,4.434,2
2013-09-24,4.408,2
2013-09-25,4.395,2
2013-09-26,4.4,2
2013-09-27,4.391,2
2013-09-28,4.373,2
2013-09-29,4.359,2
2013-09-30,4.347,2
2013-10-01,4.341,2
2013-10-02,4.331,2
2013-10-03,4.325,2
2013-10-04,4.325,2
2013-10-05,4.343,2
2013-10-06,4.345,2
2013-10-07,4.339,2
2013-10-08,4.339,2
2013-10-09,4.338,2
2013-10-10,4.359,2
2013-10-11,4.363,2
2013-10-12,4.35,2
2013-10-13,4.339,2
2013-10-14,4.338,2
2013-10-15,4.334,2
2013-10-16,4.332,2
2013-10-17,4.336,2
2013-10-18,4.349,2
2013-10-19,4.338,2
2013-10-20,4.39,2
2013-10-21,4.642,2
2013-10-22,4.901,2
2013-10-23,4.906,2
2013-10-24,4.779,2
2013-10-25,4.648,2
2013-10-26,4.593,2
2013-10-27,4.618,2
2013-10-28,4.832,2
2013-10-29,5.18,2
2013-10-30,5.351,2
2013-10-31,5.381,2
2013-11-01,5.387,2
2013-11-02,5.374,2
2013-11-03,5.242,2
2013-11-04,5.175,2
2013-11-05,5.181,2
2013-11-06,5.094,2
2013-11-07,5.054,2
2013-11-08,5.066,2
2013-11-09,5.01,2
2013-11-10,5.12,2
2013-11-11,5.108,2
2013-11-12,5.005,2
2013-11-13,5.081,2
2013-11-14,5.017,2
2013-11-15,4.981,2
2013-11-16,4.914,2
2013-11-17,4.845,2
2013-11-18,4.791,2
2013-11-19,4.773,2
2013-11-20,4.772,2
2013-11-21,4.735,2
2013-11-22,4.706,2
2013-11-23,4.68,2
2013-11-24,4.662,2
2013-11-25,4.638,2
2013-11-26,4.61,2
2013-11-27,4.623,2
2013-11-28,4.661,2
2013-11-29,4.655,2
2013-11-30,4.804,2
2013-12-01,4.819,2
2013-12-02,4.723,2
2013-12-03,4.673,2
2013-12-04,4.67,2
2013-12-05,4.758,2
2013-12-06,5.001,2
2013-12-07,4.998,2
2013-12-08,4.856,2
2013-12-09,5.066,2
2013-12-10,5.188,2
2013-12-11,5.015,2
2013-12-12,4.894,2
2013-12-13,4.833,2
2013-12-14,4.833,2
2013-12-15,4.869,2
2013-12-16,4.999,2
2013-12-17,5.043,2
2013-12-18,4.998,2
2013-12-19,4.93,2
2013-12-20,4.935,2
2013-12-21,5.003,2
2013-12-22,5.173,2
2013-12-23,5.332,2
2013-12-24,5.394,2
2013-12-25,5.489,2
2013-12-26,5.523,2
2013-12-27,5.387,2
2013-12-28,5.302,2
2013-12-29,5.218,2
2013-12-30,5.129,2
2013-12-31,5.056,2
2014-01-01,4.994,2
2014-01-02,4.957,2
2014-01-03,5.008,2
2014-01-04,5.12,2
2014-01-05,5.17,2
2014-01-06,5.141,2
2014-01-07,5.239,2
2014-01-08,5.264,2
2014-01-09,5.248,2
2014-01-10,5.383,2
2014-01-11,5.469,2
2014-01-12,5.438,2
2014-01-13,5.364,2
2014-01-14,5.259,2
2014-01-15,5.181,2
2014-01-16,5.159,2
2014-01-17,5.262,2
2014-01-18,5.392,2
2014-01-19,5.42,2
2014-01-20,5.308,2
2014-01-21,5.176,2
2014-01-22,5.081,2
2014-01-23,5.01,2
2014-01-24,4.941,2
2014-01-25,4.872,2
2014-01-26,4.83,2
2014-01-27,4.796,2
2014-01-28,4.791,2
2014-01-29,4.77,2
2014-01-30,4.756,2
2014-01-31,4.739,2
2014-02-01,4.741,2
2014-02-02,4.782,2
2014-02-03,4.812,2
2014-02-04,4.812,2
2014-02-05,4.801,2
2014-02-06,4.799,2
2014-02-07,4.879,2
2014-02-08,5.108,2
2014-02-09,5.142,2
2014-02-10,5.18,2
2014-02-11,5.21,2
2014-02-12,5.111,2
2014-02-13,5.111,2
2014-02-14,5.222,2
2014-02-15,5.187,2
2014-02-16,5.221,2
2014-02-17,5.267,2
2014-02-18,5.122,2
2014-02-19,5.033,2
2014-02-20,5.0,2
2014-02-21,5.16,2
2014-02-22,5.307,2
2014-02-23,5.217,2
2014-02-24,5.077,2
2014-02-25,4.977,2
2014-02-26,4.918,2
2014-02-27,4.874,2
2014-02-28,4.863,2
2014-03-01,4.914,2
2014-03-02,4.969,2
2014-03-03,5.058,2
2014-03-04,4.963,2
2014-03-05,4.875,2
2014-03-06,4.824,2
2014-03-07,4.802,2
2014-03-08,4.793,2
2014-03-09,4.768,2
2014-03-10,4.747,2
2014-03-11,4.725,2
2014-03-12,4.706,2
2014-03-13,4.694,2
2014-03-14,4.691,2
2014-03-15,4.734,2
2014-03-16,4.753,2
2014-03-17,4.755,2
2014-03-18,4.73,2
2014-03-19,4.72,2
2014-03-20,4.715,2
2014-03-21,4.708,2
2014-03-22,4.7,2
2014-03-23,4.687,2
2014-03-24,4.668,2
2014-03-25,4.648,2
2014-03-26,4.64,2
2014-03-27,4.653,2
2014-03-28,4.636,2
2014-03-29,4.623,2
2014-03-30,4.614,2
2014-03-31,4.607,2
2014-04-01,4.598,2
2014-04-02,4.591,2
2014-04-03,4.601,2
2014-04-04,4.582,2
2014-04-05,4.579,2
2014-04-06,4.587,2
2014-04-07,4.61,2
2014-04-08,4.717,2
2014-04-09,4.777,2
2014-04-10,4.69,2
2014-04-11,4.648,2
2014-04-12,4.624,2
2014-04-13,4.642,2
2014-04-14,4.662,2
2014-04-15,4.656,2
2014-04-16,4.607,2
2014-04-17,4.591,2
2014-04-18,4.683,2
2014-04-19,4.678,2
2014-04-20,4.619,2
2014-04-21,4.591,2
2014-04-22,4.569,2
2014-04-23,4.578,2
2014-04-24,4.61,2
2014-04-25,4.585,2
2014-04-26,4.559,2
2014-04-27,4.542,2
2014-04-28,4.527,2
2014-04-29,4.518,2
2014-04-30,4.514,2
2014-05-01,4.492,2
2014-05-02,4.462,2
2014-05-03,4.474,2
2014-05-04,4.472,2
2014-05-05,4.466,2
2014-05-06,4.488,2
2014-05-07,4.489,2
2014-05-08,4.51,2
2014-05-09,4.556,2
2014-05-10,4.629,2
2014-05-11,4.665,2
2014-05-12,4.74,2
2014-05-13,4.749,2
2014-05-14,4.661,2
2014-05-15,4.614,2
2014-05-16,4.58,2
2014-05-17,4.56,2
2014-05-18,4.54,2
2014-05-19,4.527,2
2014-05-20,4.521,2
2014-05-21,4.507,2
2014-05-22,4.498,2
2014-05-23,4.52,2
2014-05-24,4.65,2
2014-05-25,4.641,2
2014-05-26,4.586,2
2014-05-27,4.546,2
2014-05-28,4.513,2
2014-05-29,4.489,2
2014-05-30,4.472,2
2014-05-31,4.46,2
2014-06-01,4.442,2
2014-06-02,4.433,2
2014-06-03,4.416,2
2014-06-04,4.405,2
2014-06-05,4.406,2
2014-06-06,4.464,2
2014-06-07,4.463,2
2014-06-08,4.442,2
2014-06-09,4.424,2
2014-06-10,4.407,2
2014-06-11,4.391,2
2014-06-12,4.378,2
2014-06-13,4.369,2
2014-06-14,4.36,2
2014-06-15,4.346,2
2014-06-16,4.342,2
2014-06-17,4.336,2
2014-06-18,4.335,2
2014-06-19,4.335,2
2014-06-20,4.335,2
2014-06-21,4.333,2
2014-06-22,4.331,2
2014-06-23,4.328,2
2014-06-24,4.328,2
2014-06-25,4.327,2
2014-06-26,4.33,2
2014-06-27,4.33,2
2014-06-28,4.345,2
2014-06-29,4.382,2
2014-06-30,4.345,2
2014-07-01,4.333,2
2014-07-02,4.358,2
2014-07-03,4.348,2
2014-07-04,4.348,2
2014-07-05,4.334,2
2014-07-06,4.411,2
2014-07-07,4.563,2
2014-07-08,4.545,2
2014-07-09,4.476,2
2014-07-10,4.439,2
2014-07-11,4.405,2
2014-07-12,4.374,2
2014-07-13,4.368,2
2014-07-14,4.459,2
2014-07-15,4.484,2
2014-07-16,4.47,2
2014-07-17,4.443,2
2014-07-18,4.417,2
2014-07-19,4.389,2
2014-07-20,4.371,2
2014-07-21,4.353,2
2014-07-22,4.337,2
2014-07-23,4.318,2
2014-07-24,4.312,2
2014-07-25,4.312,2
2014-07-26,4.312,2
2014-07-27,4.338,2
2014-07-28,4.359,2
2014-07-29,4.34,2
2014-07-30,4.324,2
2014-07-31,4.32,2
2014-08-01,4.312,2
2014-08-02,4.312,2
2014-08-03,4.315,2
2014-08-04,4.337,2
2014-08-05,4.344,2
2014-08-06,4.34,2
2014-08-07,4.339,2
2014-08-08,4.357,2
2014-08-09,4.365,2
2014-08-10,4.389,2
2014-08-11,4.419,2
2014-08-12,4.475,2
2014-08-13,4.516,2
2014-08-14,4.54,2
2014-08-15,4.539,2
2014-08-16,4.488,2
2014-08-17,4.475,2
2014-08-18,4.542,2
2014-08-19,4.632,2
2014-08-20,4.64,2
2014-08-21,4.619,2
2014-08-22,4.605,2
2014-08-23,4.647,2
2014-08-24,4.664,2
2014-08-25,4.672,2
2014-08-26,4.638,2
2014-08-27,4.587,2
2014-08-28,4.539,2
2014-08-29,4.522,2
2014-08-30,4.546,2
2014-08-31,4.71,2
2014-09-01,4.795,2
2014-09-02,4.707,2
2014-09-03,4.625,2
2014-09-04,4.576,2
2014-09-05,4.544,2
2014-09-06,4.557,2
2014-09-07,4.775,2
2014-09-08,5.007,2
2014-09-09,4.951,2
2014-09-10,4.779,2
2014-09-11,4.696,2
2014-09-12,4.626,2
2014-09-13,4.582,2
2014-09-14,4.557,2
2014-09-15,4.541,2
2014-09-16,4.531,2
2014-09-17,4.52,2
2014-09-18,4.507,2
2014-09-19,4.493,2
2014-09-20,4.478,2
2014-09-21,4.478,2
2014-09-22,4.477,2
2014-09-23,4.47,2
2014-09-24,4.483,2
2014-09-25,4.559,2
2014-09-26,4.565,2
2014-09-27,4.533,2
2014-09-28,4.501,2
2014-09-29,4.487,2
2014-09-30,4.481,2
2014-10-01,4.476,2
2014-10-02,4.484,2
2014-10-03,4.466,2
2014-10-04,4.46,2
2014-10-05,4.451,2
2014-10-06,4.444,2
2014-10-07,4.45,2
2014-10-08,4.565,2
2014-10-09,4.649,2
2014-10-10,4.696,2
2014-10-11,4.699,2
2014-10-12,4.66,2
2014-10-13,4.75,2
2014-10-14,4.714,2
2014-10-15,4.746,2
2014-10-16,4.85,2
2014-10-17,4.896,2
2014-10-18,4.821,2
2014-10-19,4.784,2
2014-10-20,4.831,2
2014-10-21,4.838,2
2014-10-22,4.872,2
2014-10-23,4.884,2
2014-10-24,4.868,2
2014-10-25,5.084,2
2014-10-26,5.325,2
2014-10-27,5.315,2
2014-10-28,5.033,2
2014-10-29,4.915,2
2014-10-30,4.864,2
2014-10-31,4.806,2
2014-11-01,4.78,2
2014-11-02,4.752,2
2014-11-03,4.755,2
2014-11-04,4.972,2
2014-11-05,5.181,2
2014-11-06,5.073,2
2014-11-07,4.908,2
2014-11-08,4.843,2
2014-11-09,4.923,2
2014-11-10,4.942,2
2014-11-11,4.995,2
2014-11-12,4.969,2
2014-11-13,4.877,2
2014-11-14,4.833,2
2014-11-15,4.802,2
2014-11-16,4.771,2
2014-11-17,4.772,2
2014-11-18,4.793,2
2014-11-19,4.762,2
2014-11-20,4.731,2
2014-11-21,4.708,2
2014-11-22,4.691,2
2014-11-23,4.719,2
2014-11-24,4.875,2
2014-11-25,5.09,2
2014-11-26,5.012,2
2014-11-27,4.876,2
2014-11-28,4.804,2
2014-11-29,4.749,2
2014-11-30,4.71,2
2014-12-01,4.685,2
2014-12-02,4.671,2
2014-12-03,4.65,2
2014-12-04,4.631,2
2014-12-05,4.638,2
2014-12-06,4.648,2
2014-12-07,4.674,2
2014-12-08,4.93,2
2014-12-09,4.959,2
2014-12-10,4.931,2
2014-12-11,5.145,2
2014-12-12,5.295,2
2014-12-13,5.4,2
2014-12-14,5.437,2
2014-12-15,5.399,2
2014-12-16,5.441,2
2014-12-17,5.458,2
2014-12-18,5.383,2
2014-12-19,5.378,2
2014-12-20,5.419,2
2014-12-21,5.453,2
2014-12-22,5.514,2
2014-12-23,5.625,2
2014-12-24,5.626,2
2014-12-25,5.535,2
2014-12-26,5.524,2
2014-12-27,5.429,2
2014-12-28,5.292,2
2014-12-29,5.171,2
2014-12-30,5.122,2
2014-12-31,5.125,2
2015-01-01,5.105,2
2015-01-02,5.233,2
2015-01-03,5.393,2
2015-01-04,5.476,2
2015-01-05,5.46,2
2015-01-06,5.334,2
2015-01-07,5.222,2
2015-01-08,5.223,2
2015-01-09,5.349,2
2015-01-10,5.452,2
2015-01-11,5.486,2
2015-01-12,5.453,2
2015-01-13,5.436,2
2015-01-14,5.375,2
2015-01-15,5.339,2
2015-01-16,5.379,2
2015-01-17,5.362,2
2015-01-18,5.318,2
2015-01-19,5.312,2
2015-01-20,5.25,2
2015-01-21,5.177,2
2015-01-22,5.115,2
2015-01-23,5.053,2
2015-01-24,5.023,2
2015-01-25,5.0,2
2015-01-26,5.037,2
2015-01-27,5.281,2
2015-01-28,5.329,2
2015-01-29,5.389,2
2015-01-30,5.476,2
2015-01-31,5.409,2
2015-02-01,5.235,2
2015-02-02,5.104,2
2015-02-03,5.022,2
2015-02-04,4.962,2
2015-02-05,4.907,2
2015-02-06,4.883,2
2015-02-07,4.895,2
2015-02-08,4.921,2
2015-02-09,4.931,2
2015-02-10,4.934,2
2015-02-11,4.905,2
2015-02-12,4.88,2
2015-02-13,4.863,2
2015-02-14,4.848,2
2015-02-15,4.822,2
2015-02-16,4.802,2
2015-02-17,4.789,2
2015-02-18,4.779,2
2015-02-19,4.78,2
2015-02-20,4.837,2
2015-02-21,4.956,2
2015-02-22,4.922,2
2015-02-23,4.928,2
2015-02-24,5.008,2
2015-02-25,4.992,2
2015-02-26,4.948,2
2015-02-27,4.954,2
2015-02-28,4.986,2
2015-03-01,4.976,2
2015-03-02,5.098,2
2015-03-03,5.132,2
2015-03-04,5.093,2
2015-03-05,5.14,2
2015-03-06,5.068,2
2015-03-07,5.01,2
2015-03-08,4.957,2
2015-03-09,4.913,2
2015-03-10,4.894,2
2015-03-11,4.871,2
2015-03-12,4.826,2
2015-03-13,4.794,2
2015-03-14,4.774,2
2015-03-15,4.752,2
2015-03-16,4.742,2
2015-03-17,4.735,2
2015-03-18,4.724,2
2015-03-19,4.718,2
2015-03-20,4.703,2
2015-03-21,4.749,2
2015-03-22,4.752,2
2015-03-23,4.718,2
2015-03-24,4.71,2
2015-03-25,4.71,2
2015-03-26,5.028,2
2015-03-27,5.178,2
2015-03-28,4.985,2
2015-03-29,5.029,2
2015-03-30,5.127,2
2015-03-31,5.078,2
2015-04-01,5.288,2
2015-04-02,5.285,2
2015-04-03,5.101,2
2015-04-04,4.967,2
2015-04-05,4.892,2
2015-04-06,4.848,2
2015-04-07,4.815,2
2015-04-08,4.799,2
2015-04-09,4.775,2
2015-04-10,4.756,2
2015-04-11,4.755,2
2015-04-12,4.775,2
2015-04-13,4.869,2
2015-04-14,4.879,2
2015-04-15,4.861,2
2015-04-16,4.842,2
2015-04-17,4.796,2
2015-04-18,4.744,2
2015-04-19,4.72,2
2015-04-20,4.72,2
2015-04-21,4.695,2
2015-04-22,4.68,2
2015-04-23,4.678,2
2015-04-24,4.677,2
2015-04-25,4.678,2
2015-04-26,4.7,2
2015-04-27,4.672,2
2015-04-28,4.652,2
2015-04-29,4.644,2
2015-04-30,4.672,2
2015-05-01,4.714,2
2015-05-02,4.697,2
2015-05-03,4.66,2
2015-05-04,4.727,2
2015-05-05,4.788,2
2015-05-06,4.909,2
2015-05-07,4.877,2
2015-05-08,4.874,2
2015-05-09,4.808,2
2015-05-10,4.813,2
2015-05-11,4.784,2
2015-05-12,4.726,2
2015-05-13,4.755,2
2015-05-14,4.738,2
2015-05-15,4.702,2
2015-05-16,4.677,2
2015-05-17,4.676,2
2015-05-18,4.66,2
2015-05-19,4.773,2
2015-05-20,4.814,2
2015-05-21,4.757,2
2015-05-22,4.703,2
2015-05-23,4.685,2
2015-05-24,4.657,2
2015-05-25,4.644,2
2015-05-26,4.635,2
2015-05-27,4.617,2
2015-05-28,4.608,2
2015-05-29,4.605,2
2015-05-30,4.732,2
2015-05-31,4.844,2
2015-06-01,4.959,2
2015-06-02,5.033,2
2015-06-03,5.248,2
2015-06-04,5.304,2
2015-06-05,5.042,2
2015-06-06,4.896,2
2015-06-07,4.817,2
2015-06-08,4.751,2
2015-06-09,4.716,2
2015-06-10,4.682,2
2015-06-11,4.658,2
2015-06-12,4.633,2
2015-06-13,4.618,2
2015-06-14,4.704,2
2015-06-15,4.69,2
2015-06-16,4.636,2
2015-06-17,4.62,2
2015-06-18,4.745,2
2015-06-19,4.716,2
2015-06-20,4.665,2
2015-06-21,4.623,2
2015-06-22,4.666,2
2015-06-23,4.763,2
2015-06-24,4.71,2
2015-06-25,4.653,2
2015-06-26,4.607,2
2015-06-27,4.6,2
2015-06-28,4.592,2
2015-06-29,4.592,2
2015-06-30,4.588,2
2015-07-01,4.547,2
2015-07-02,4.527,2
2015-07-03,4.499,2
2015-07-04,4.491,2
2015-07-05,4.48,2
2015-07-06,4.511,2
2015-07-07,4.488,2
2015-07-08,4.492,2
2015-07-09,4.554,2
2015-07-10,4.539,2
2015-07-11,4.497,2
2015-07-12,4.492,2
2015-07-13,4.483,2
2015-07-14,4.485,2
2015-07-15,4.501,2
2015-07-16,4.472,2
2015-07-17,4.454,2
2015-07-18,4.447,2
2015-07-19,4.437,2
2015-07-20,4.481,2
2015-07-21,4.499,2
2015-07-22,4.479,2
2015-07-23,4.459,2
2015-07-24,4.447,2
2015-07-25,4.505,2
2015-07-26,4.771,2
2015-07-27,4.74,2
2015-07-28,4.656,2
2015-07-29,4.667,2
2015-07-30,4.666,2
2015-07-31,4.619,2
2015-08-01,4.574,2
2015-08-02,4.545,2
2015-08-03,4.521,2
2015-08-04,4.508,2
2015-08-05,4.527,2
2015-08-06,4.531,2
2015-08-07,4.501,2
2015-08-08,4.486,2
2015-08-09,4.466,2
2015-08-10,4.455,2
2015-08-11,4.449,2
2015-08-12,4.441,2
2015-08-13,4.431,2
2015-08-14,4.427,2
2015-08-15,4.429,2
2015-08-16,4.451,2
2015-08-17,4.459,2
2015-08-18,4.459,2
2015-08-19,4.441,2
2015-08-20,4.426,2
2015-08-21,4.415,2
2015-08-22,4.402,2
2015-08-23,4.399,2
2015-08-24,4.397,2
2015-08-25,4.428,2
2015-08-26,4.494,2
2015-08-27,4.552,2
2015-08-28,4.629,2
2015-08-29,4.591,2
2015-08-30,4.533,2
2015-08-31,4.508,2
2015-09-01,4.565,2
2015-09-02,4.651,2
2015-09-03,4.658,2
2015-09-04,4.713,2
2015-09-05,4.967,2
2015-09-06,5.119,2
2015-09-07,5.049,2
2015-09-08,4.836,2
2015-09-09,4.745,2
2015-09-10,4.682,2
2015-09-11,4.655,2
2015-09-12,4.685,2
2015-09-13,4.72,2
2015-09-14,4.781,2
2015-09-15,4.967,2
2015-09-16,5.211,2
2015-09-17,5.301,2
2015-09-18,5.248,2
2015-09-19,5.124,2
2015-09-20,4.987,2
2015-09-21,4.886,2
2015-09-22,4.871,2
2015-09-23,4.884,2
2015-09-24,4.868,2
2015-09-25,4.918,2
2015-09-26,4.959,2
2015-09-27,4.865,2
2015-09-28,4.791,2
2015-09-29,4.754,2
2015-09-30,4.722,2
2015-10-01,4.696,2
2015-10-02,4.683,2
2015-10-03,4.67,2
2015-10-04,4.653,2
2015-10-05,4.644,2
2015-10-06,4.629,2
2015-10-07,4.639,2
2015-10-08,4.717,2
2015-10-09,4.77,2
2015-10-10,4.79,2
2015-10-11,4.745,2
2015-10-12,4.704,2
2015-10-13,4.676,2
2015-10-14,4.653,2
2015-10-15,4.645,2
2015-10-16,4.628,2
2015-10-17,4.621,2
2015-10-18,4.619,2
2015-10-19,4.617,2
2015-10-20,4.606,2
2015-10-21,4.603,2
2015-10-22,4.609,2
2015-10-23,4.63,2
2015-10-24,4.61,2
2015-10-25,4.6,2
2015-10-26,4.59,2
2015-10-27,4.579,2
2015-10-28,4.572,2
2015-10-29,4.568,2
2015-10-30,4.561,2
2015-10-31,4.553,2
2015-11-01,4.547,2
2015-11-02,4.542,2
2015-11-03,4.544,2
2015-11-04,4.543,2
2015-11-05,4.546,2
2015-11-06,4.571,2
2015-11-07,4.652,2
2015-11-08,4.905,2
2015-11-09,5.042,2
2015-11-10,5.166,2
2015-11-11,5.181,2
2015-11-12,5.142,2
2015-11-13,5.158,2
2015-11-14,5.274,2
2015-11-15,5.416,2
2015-11-16,5.433,2
2015-11-17,5.42,2
2015-11-18,5.44,2
2015-11-19,5.482,2
2015-11-20,5.542,2
2015-11-21,5.581,2
2015-11-22,5.503,2
2015-11-23,5.324,2
2015-11-24,5.219,2
2015-11-25,5.328,2
2015-11-26,5.38,2
2015-11-27,5.281,2
2015-11-28,5.304,2
2015-11-29,5.466,2
2015-11-30,5.573,2
2015-12-01,5.598,2
2015-12-02,5.516,2
2015-12-03,5.392,2
2015-12-04,5.349,2
2015-12-05,5.384,2
2015-12-06,5.536,2
2015-12-07,5.772,2
2015-12-08,5.728,2
2015-12-09,5.58,2
2015-12-10,5.454,2
2015-12-11,5.448,2
2015-12-12,5.53,2
2015-12-13,5.551,2
2015-12-14,5.477,2
2015-12-15,5.452,2
2015-12-16,5.468,2
2015-12-17,5.412,2
2015-12-18,5.364,2
2015-12-19,5.313,2
2015-12-20,5.279,2
2015-12-21,5.24,2
2015-12-22,5.317,2
2015-12-23,5.448,2
2015-12-24,5.537,2
2015-12-25,5.5,2
2015-12-26,5.432,2
2015-12-27,5.562,2
2015-12-28,5.724,2
2015-12-29,5.709,2
2015-12-30,5.559,2
2015-12-31,5.439,2
2016-01-01,5.371,2
2016-01-02,5.304,2
2016-01-03,5.225,2
2016-01-04,5.147,2
2016-01-05,5.095,2
2016-01-06,5.035,2
2016-01-07,5.011,2
2016-01-08,5.008,2
2016-01-09,5.027,2
2016-01-10,5.192,2
2016-01-11,5.326,2
2016-01-12,5.289,2
2016-01-13,5.279,2
2016-01-14,5.274,2
2016-01-15,5.217,2
2016-01-16,5.146,2
2016-01-17,5.074,2
2016-01-18,5.014,2
2016-01-19,4.997,2
2016-01-20,4.968,2
2016-01-21,4.919,2
2016-01-22,4.89,2
2016-01-23,4.889,2
2016-01-24,4.917,2
2016-01-25,5.286,2
2016-01-26,5.485,2
2016-01-27,5.496,2
2016-01-28,5.486,2
2016-01-29,5.449,2
2016-01-30,5.381,2
2016-01-31,5.349,2
2016-02-01,5.352,2
2016-02-02,5.369,2
2016-02-03,5.342,2
2016-02-04,5.297,2
2016-02-05,5.228,2
2016-02-06,5.195,2
2016-02-07,5.187,2
2016-02-08,5.223,2
2016-02-09,5.374,2
2016-02-10,5.443,2
2016-02-11,5.389,2
2016-02-12,5.294,2
2016-02-13,5.19,2
2016-02-14,5.107,2
2016-02-15,5.043,2
2016-02-16,4.988,2
2016-02-17,4.957,2
2016-02-18,4.949,2
2016-02-19,4.942,2
2016-02-20,5.023,2
2016-02-21,5.269,2
2016-02-22,5.411,2
2016-02-23,5.455,2
2016-02-24,5.37,2
2016-02-25,5.263,2
2016-02-26,5.178,2
2016-02-27,5.11,2
2016-02-28,5.059,2
2016-02-29,5.02,2
2016-03-01,4.985,2
2016-03-02,5.032,2
2016-03-03,5.159,2
2016-03-04,5.143,2
2016-03-05,5.093,2
2016-03-06,5.083,2
2016-03-07,5.055,2
2016-03-08,5.016,2
2016-03-09,4.987,2
2016-03-10,4.953,2
2016-03-11,4.925,2
2016-03-12,4.904,2
2016-03-13,4.888,2
2016-03-14,4.876,2
2016-03-15,4.863,2
2016-03-16,4.856,2
2016-03-17,4.84,2
2016-03-18,4.839,2
2016-03-19,4.825,2
2016-03-20,4.814,2
2016-03-21,4.806,2
2016-03-22,4.817,2
2016-03-23,4.799,2
2016-03-24,4.781,2
2016-03-25,4.811,2
2016-03-26,4.822,2
2016-03-27,4.821,2
2016-03-28,4.872,2
2016-03-29,4.871,2
2016-03-30,4.851,2
2016-03-31,4.888,2
2016-04-01,4.859,2
2016-04-02,4.819,2
2016-04-03,4.795,2
2016-04-04,4.797,2
2016-04-05,4.875,2
2016-04-06,5.061,2
2016-04-07,5.24,2
2016-04-08,5.466,2
2016-04-09,5.479,2
2016-04-10,5.37,2
2016-04-11,5.205,2
2016-04-12,5.074,2
2016-04-13,5.034,2
2016-04-14,4.984,2
2016-04-15,4.963,2
2016-04-16,5.005,2
2016-04-17,5.101,2
2016-04-18,5.086,2
2016-04-19,5.009,2
2016-04-20,4.945,2
2016-04-21,4.894,2
2016-04-22,4.865,2
2016-04-23,4.834,2
2016-04-24,4.821,2
2016-04-25,4.827,2
2016-04-26,4.959,2
2016-04-27,5.049,2
2016-04-28,5.072,2
2016-04-29,5.093,2
2016-04-30,5.155,2
2016-05-01,5.112,2
2016-05-02,4.997,2
2016-05-03,4.952,2
2016-05-04,4.921,2
2016-05-05,4.876,2
2016-05-06,4.841,2
2016-05-07,4.808,2
2016-05-08,4.78,2
2016-05-09,4.76,2
2016-05-10,4.736,2
2016-05-11,4.725,2
2016-05-12,4.709,2
2016-05-13,4.689,2
2016-05-14,4.686,2
2016-05-15,4.675,2
2016-05-16,4.663,2
2016-05-17,4.658,2
2016-05-18,4.647,2
2016-05-19,4.637,2
2016-05-20,4.639,2
2016-05-21,4.651,2
2016-05-22,4.669,2
2016-05-23,4.683,2
2016-05-24,4.677,2
2016-05-25,4.682,2
2016-05-26,4.672,2
2016-05-27,4.643,2
2016-05-28,4.622,2
2016-05-29,4.612,2
2016-05-30,4.619,2
2016-05-31,4.662,2
2016-06-01,4.64,2
2016-06-02,4.611,2
2016-06-03,4.577,2
2016-06-04,4.549,2
2016-06-05,4.534,2
2016-06-06,4.518,2
2016-06-07,4.505,2
2016-06-08,4.483,2
2016-06-09,4.474,2
2016-06-10,4.461,2
2016-06-11,4.448,2
2016-06-12,4.437,2
2016-06-13,4.433,2
2016-06-14,4.44,2
2016-06-15,4.463,2
2016-06-16,4.534,2
2016-06-17,4.533,2
2016-06-18,4.489,2
2016-06-19,4.463,2
2016-06-20,4.467,2
2016-06-21,4.689,2
2016-06-22,4.685,2
2016-06-23,4.613,2
2016-06-24,4.614,2
2016-06-25,4.613,2
2016-06-26,4.664,2
2016-06-27,4.68,2
2016-06-28,4.644,2
2016-06-29,4.615,2
2016-06-30,4.635,2
2016-07-01,4.65,2
2016-07-02,4.658,2
2016-07-03,4.689,2
2016-07-04,4.766,2
2016-07-05,4.747,2
2016-07-06,4.86,2
2016-07-07,4.834,2
2016-07-08,4.736,2
2016-07-09,4.8,2
2016-07-10,4.853,2
2016-07-11,5.051,2
2016-07-12,5.143,2
2016-07-13,5.039,2
2016-07-14,4.933,2
2016-07-15,4.849,2
2016-07-16,4.822,2
2016-07-17,4.824,2
2016-07-18,4.796,2
2016-07-19,4.748,2
2016-07-20,4.703,2
2016-07-21,4.672,2
2016-07-22,4.639,2
2016-07-23,4.637,2
2016-07-24,4.641,2
2016-07-25,4.608,2
2016-07-26,4.587,2
2016-07-27,4.563,2
2016-07-28,4.561,2
2016-07-29,4.567,2
2016-07-30,4.594,2
2016-07-31,4.612,2
2016-08-01,4.581,2
2016-08-02,4.563,2
2016-08-03,4.564,2
2016-08-04,4.707,2
2016-08-05,4.788,2
2016-08-06,4.735,2
2016-08-07,4.659,2
2016-08-08,4.639,2
2016-08-09,4.618,2
2016-08-10,4.6,2
2016-08-11,4.585,2
2016-08-12,4.568,2
2016-08-13,4.569,2
2016-08-14,4.577,2
2016-08-15,4.577,2
2016-08-16,4.558,2
2016-08-17,4.537,2
2016-08-18,4.52,2
2016-08-19,4.506,2
2016-08-20,4.512,2
2016-08-21,4.511,2
2016-08-22,4.522,2
2016-08-23,4.541,2
2016-08-24,4.539,2
2016-08-25,4.53,2
2016-08-26,4.513,2
2016-08-27,4.495,2
2016-08-28,4.526,2
2016-08-29,4.604,2
2016-08-30,4.608,2
2016-08-31,4.565,2
2016-09-01,4.539,2
2016-09-02,4.524,2
2016-09-03,4.519,2
2016-09-04,4.569,2
2016-09-05,4.637,2
2016-09-06,4.6,2
2016-09-07,4.57,2
2016-09-08,4.559,2
2016-09-09,4.544,2
2016-09-10,4.529,2
2016-09-11,4.512,2
2016-09-12,4.5,2
2016-09-13,4.491,2
2016-09-14,4.484,2
2016-09-15,4.478,2
2016-09-16,4.474,2
2016-09-17,4.469,2
2016-09-18,4.459,2
2016-09-19,4.454,2
2016-09-20,4.446,2
2016-09-21,4.445,2
2016-09-22,4.447,2
2016-09-23,4.45,2
2016-09-24,4.462,2
2016-09-25,4.448,2
2016-09-26,4.438,2
2016-09-27,4.435,2
2016-09-28,4.446,2
2016-09-29,4.477,2
2016-09-30,4.531,2
2016-10-01,4.569,2
2016-10-02,4.584,2
2016-10-03,4.699,2
2016-10-04,4.738,2
2016-10-05,4.662,2
2016-10-06,4.588,2
2016-10-07,4.567,2
2016-10-08,4.534,2
2016-10-09,4.515,2
2016-10-10,4.513,2
2016-10-11,4.533,2
2016-10-12,4.526,2
2016-10-13,4.505,2
2016-10-14,4.492,2
2016-10-15,4.483,2
2016-10-16,4.494,2
2016-10-17,4.5,2
2016-10-18,4.517,2
2016-10-19,4.548,2
2016-10-20,4.587,2
2016-10-21,4.588,2
2016-10-22,4.572,2
2016-10-23,4.58,2
2016-10-24,4.608,2
2016-10-25,4.587,2
2016-10-26,4.565,2
2016-10-27,4.57,2
2016-10-28,4.589,2
2016-10-29,4.571,2
2016-10-30,4.552,2
2016-10-31,4.536,2
2016-11-01,4.527,2
2016-11-02,4.54,2
2016-11-03,4.531,2
2016-11-04,4.529,2
2016-11-05,4.567,2
2016-11-06,4.864,2
2016-11-07,5.038,2
2016-11-08,4.885,2
2016-11-09,4.739,2
2016-11-10,4.68,2
2016-11-11,4.649,2
2016-11-12,4.603,2
2016-11-13,4.594,2
2016-11-14,4.573,2
2016-11-15,4.68,2
2016-11-16,4.754,2
2016-11-17,4.754,2
2016-11-18,4.905,2
2016-11-19,5.084,2
2016-11-20,5.272,2
2016-11-21,5.377,2
2016-11-22,5.392,2
2016-11-23,5.275,2
2016-11-24,5.071,2
2016-11-25,4.953,2
2016-11-26,4.892,2
2016-11-27,4.847,2
2016-11-28,4.792,2
2016-11-29,4.756,2
2016-11-30,4.76,2
2016-12-01,4.844,2
2016-12-02,4.889,2
2016-12-03,4.807,2
2016-12-04,4.756,2
2016-12-05,4.741,2
2016-12-06,4.743,2
2016-12-07,4.743,2
2016-12-08,4.781,2
2016-12-09,4.762,2
2016-12-10,4.835,2
2016-12-11,4.898,2
2016-12-12,4.946,2
2016-12-13,4.887,2
2016-12-14,4.821,2
2016-12-15,4.784,2
2016-12-16,4.754,2
2016-12-17,4.727,2
2016-12-18,4.713,2
2016-12-19,4.704,2
2016-12-20,4.691,2
2016-12-21,4.685,2
2016-12-22,4.677,2
2016-12-23,4.715,2
2016-12-24,4.855,2
2016-12-25,5.053,2
2016-12-26,5.19,2
2016-12-27,5.134,2
2016-12-28,4.998,2
2016-12-29,4.903,2
2016-12-30,4.847,2
2016-12-31,4.81,2
2017-01-01,4.812,2
2017-01-02,4.844,2
2017-01-03,4.842,2
2017-01-04,4.993,2
2017-01-05,4.915,2
2017-01-06,4.785,2
2017-01-07,4.745,2
2017-01-08,4.751,2
2017-01-09,4.734,2
2017-01-10,4.768,2
2017-01-11,4.917,2
2017-01-12,5.231,2
2017-01-13,5.234,2
2017-01-14,5.063,2
2017-01-15,4.937,2
2017-01-16,4.851,2
2017-01-17,4.776,2
2017-01-18,4.753,2
2017-01-19,4.801,2
2017-01-20,4.851,2
2017-01-21,4.829,2
2017-01-22,4.783,2
2017-01-23,4.757,2
2017-01-24,4.735,2
2017-01-25,4.705,2
2017-01-26,4.687,2
2017-01-27,4.673,2
2017-01-28,4.657,2
2017-01-29,4.652,2
2017-01-30,4.663,2
2017-01-31,4.653,2
2017-02-01,4.639,2
2017-02-02,4.631,2
2017-02-03,4.625,2
2017-02-04,4.622,2
2017-02-05,4.627,2
2017-02-06,4.639,2
2017-02-07,4.652,2
2017-02-08,4.617,2
2017-02-09,4.599,2
2017-02-10,4.583,2
2017-02-11,4.569,2
2017-02-12,4.559,2
2017-02-13,4.549,2
2017-02-14,4.541,2
2017-02-15,4.531,2
2017-02-16,4.532,2
2017-02-17,4.55,2
2017-02-18,4.551,2
2017-02-19,4.583,2
2017-02-20,4.649,2
2017-02-21,4.731,2
2017-02-22,4.796,2
2017-02-23,4.879,2
2017-02-24,4.937,2
2017-02-25,4.958,2
2017-02-26,5.201,2
2017-02-27,5.356,2
2017-02-28,5.413,2
2017-03-01,5.464,2
2017-03-02,5.397,2
2017-03-03,5.242,2
2017-03-04,5.125,2
2017-03-05,5.07,2
2017-03-06,5.092,2
2017-03-07,5.013,2
2017-03-08,4.926,2
2017-03-09,4.915,2
2017-03-10,4.915,2
2017-03-11,4.864,2
2017-03-12,4.82,2
2017-03-13,4.786,2
2017-03-14,4.765,2
2017-03-15,4.755,2
2017-03-16,4.731,2
2017-03-17,4.743,2
2017-03-18,4.878,2
2017-03-19,4.968,2
2017-03-20,4.972,2
2017-03-21,5.157,2
2017-03-22,5.173,2
2017-03-23,5.018,2
2017-03-24,4.912,2
2017-03-25,4.846,2
2017-03-26,4.808,2
2017-03-27,4.776,2
2017-03-28,4.751,2
2017-03-29,4.745,2
2017-03-30,4.755,2
2017-03-31,4.768,2
2017-04-01,4.746,2
2017-04-02,4.716,2
2017-04-03,4.687,2
2017-04-04,4.666,2
2017-04-05,4.662,2
2017-04-06,4.644,2
2017-04-07,4.631,2
2017-04-08,4.628,2
2017-04-09,4.609,2
2017-04-10,4.612,2
2017-04-11,4.598,2
2017-04-12,4.671,2
2017-04-13,4.726,2
2017-04-14,4.694,2
2017-04-15,4.675,2
2017-04-16,4.684,2
2017-04-17,4.682,2
2017-04-18,4.684,2
2017-04-19,4.685,2
2017-04-20,4.651,2
2017-04-21,4.641,2
2017-04-22,4.645,2
2017-04-23,4.616,2
2017-04-24,4.62,2
2017-04-25,4.651,2
2017-04-26,4.643,2
2017-04-27,4.623,2
2017-04-28,4.634,2
2017-04-29,4.619,2
2017-04-30,4.589,2
2017-05-01,4.558,2
2017-05-02,4.523,2
2017-05-03,4.51,2
2017-05-04,4.508,2
2017-05-05,4.495,2
2017-05-06,,2
2017-06-01,4.355,2
2017-06-02,4.336,2
2017-06-03,4.326,2
2017-06-04,4.327,2
2017-06-05,4.342,2
2017-06-06,4.331,2
2017-06-07,4.393,2
2017-06-08,4.563,2
2017-06-09,4.608,2
2017-06-10,4.679,2
2017-06-11,4.691,2
2017-06-12,4.746,2
2017-06-13,4.752,2
2017-06-14,4.642,2
2017-06-15,4.568,2
2017-06-16,4.534,2
2017-06-17,4.507,2
2017-06-18,4.468,2
2017-06-19,4.439,2
2017-06-20,4.417,2
2017-06-21,4.391,2
2017-06-22,4.373,2
2017-06-23,4.374,2
2017-06-24,4.396,2
2017-06-25,4.402,2
2017-06-26,4.382,2
2017-06-27,4.362,2
2017-06-28,4.354,2
2017-06-29,4.4,2
2017-06-30,4.487,2
2017-07-01,4.463,2
2017-07-02,4.414,2
2017-07-03,4.398,2
2017-07-04,4.381,2
2017-07-05,4.36,2
2017-07-06,4.345,2
2017-07-07,4.343,2
2017-07-08,4.377,2
2017-07-09,4.362,2
2017-07-10,4.354,2
2017-07-11,4.339,2
2017-07-12,4.377,2
2017-07-13,4.362,2
2017-07-14,4.334,2
2017-07-15,4.332,2
2017-07-16,4.343,2
2017-07-17,4.362,2
2017-07-18,4.342,2
2017-07-19,4.321,2
2017-07-20,4.315,2
2017-07-21,4.338,2
2017-07-22,4.361,2
2017-07-23,4.36,2
2017-07-24,4.458,2
2017-07-25,4.452,2
2017-07-26,4.406,2
2017-07-27,4.393,2
2017-07-28,4.387,2
2017-07-29,4.45,2
2017-07-30,4.547,2
2017-07-31,4.569,2
2017-08-01,4.524,2
2017-08-02,4.503,2
2017-08-03,4.546,2
2017-08-04,4.71,2
2017-08-05,4.749,2
2017-08-06,4.715,2
2017-08-07,4.655,2
2017-08-08,4.588,2
2017-08-09,4.559,2
2017-08-10,4.538,2
2017-08-11,4.508,2
2017-08-12,4.492,2
2017-08-13,4.523,2
2017-08-14,4.499,2
2017-08-15,4.47,2
2017-08-16,4.536,2
2017-08-17,4.572,2
2017-08-18,4.537,2
2017-08-19,4.561,2
2017-08-20,4.676,2
2017-08-21,4.832,2
2017-08-22,4.8,2
2017-08-23,4.697,2
2017-08-24,4.628,2
2017-08-25,4.574,2
2017-08-26,4.534,2
2017-08-27,4.524,2
2017-08-28,4.526,2
2017-08-29,4.502,2
2017-08-30,4.484,2
2017-08-31,4.515,2
2017-09-01,4.525,2
2017-09-02,4.498,2
2017-09-03,4.472,2
2017-09-04,4.459,2
2017-09-05,4.439,2
2017-09-06,4.491,2
2017-09-07,4.895,2
2017-09-08,5.055,2
2017-09-09,5.085,2
2017-09-10,5.109,2
2017-09-11,5.149,2
2017-09-12,5.307,2
2017-09-13,5.381,2
2017-09-14,5.413,2
2017-09-15,5.427,2
2017-09-16,5.333,2
2017-09-17,5.211,2
2017-09-18,5.119,2
2017-09-19,5.036,2
2017-09-20,5.023,2
2017-09-21,5.027,2
2017-09-22,4.953,2
2017-09-23,4.893,2
2017-09-24,4.828,2
2017-09-25,4.787,2
2017-09-26,4.762,2
2017-09-27,4.753,2
2017-09-28,4.727,2
2017-09-29,4.702,2
2017-09-30,4.71,2
2017-10-01,4.912,2
2017-10-02,5.138,2
2017-10-03,5.278,2
2017-10-04,5.341,2
2017-10-05,5.372,2
2017-10-06,5.382,2
2017-10-07,5.303,2
2017-10-08,5.231,2
2017-10-09,5.133,2
2017-10-10,5.032,2
2017-10-11,5.017,2
2017-10-12,5.16,2
2017-10-13,5.334,2
2017-10-14,5.326,2
2017-10-15,5.239,2
2017-10-16,5.175,2
2017-10-17,5.091,2
2017-10-18,5.009,2
2017-10-19,4.949,2
2017-10-20,4.921,2
2017-10-21,4.933,2
2017-10-22,4.973,2
2017-10-23,4.97,2
2017-10-24,4.917,2
2017-10-25,5.032,2
2017-10-26,5.22,2
2017-10-27,5.186,2
2017-10-28,5.061,2
2017-10-29,4.999,2
2017-10-30,4.926,2
2017-10-31,4.871,2
2017-11-01,4.849,2
2017-11-02,4.947,2
2017-11-03,5.039,2
2017-11-04,4.962,2
2017-11-05,4.919,2
2017-11-06,4.881,2
2017-11-07,4.822,2
2017-11-08,4.782,2
2017-11-09,4.763,2
2017-11-10,4.821,2
2017-11-11,4.985,2
2017-11-12,5.002,2
2017-11-13,4.917,2
2017-11-14,4.878,2
2017-11-15,4.954,2
2017-11-16,4.902,2
2017-11-17,4.936,2
2017-11-18,5.005,2
2017-11-19,5.174,2
2017-11-20,5.221,2
2017-11-21,5.119,2
2017-11-22,5.057,2
2017-11-23,5.158,2
2017-11-24,5.118,2
2017-11-25,5.06,2
2017-11-26,5.058,2
2017-11-27,5.189,2
2017-11-28,5.305,2
2017-11-29,5.333,2
2017-11-30,5.19,2
2017-12-01,5.034,2
2017-12-02,4.942,2
2017-12-03,4.948,2
2017-12-04,4.969,2
2017-12-05,4.926,2
2017-12-06,4.921,2
2017-12-07,5.017,2
2017-12-08,5.199,2
2017-12-09,5.292,2
2017-12-10,5.222,2
2017-12-11,5.103,2
2017-12-12,4.997,2
2017-12-13,4.959,2
2017-12-14,5.168,2
2017-12-15,5.303,2
2017-12-16,5.197,2
2017-12-17,4.99,2
2017-12-18,4.899,2
2017-12-19,4.877,2
2017-12-20,4.881,2
2017-12-21,4.886,2
2017-12-22,4.856,2
2017-12-23,4.847,2
2017-12-24,4.848,2
2017-12-25,4.969,2
2017-12-26,5.145,2
2017-12-27,5.169,2
2017-12-28,5.282,2
2017-12-29,5.329,2
2017-12-30,5.268,2
2017-12-31,5.195,2
2018-01-01,5.301,2
2018-01-02,5.453,2
2018-01-03,5.495,2
2018-01-04,5.518,2
2018-01-05,5.505,2
2018-01-06,5.379,2
2018-01-07,5.224,2
2018-01-08,5.079,2
2018-01-09,4.983,2
2018-01-10,4.959,2
2018-01-11,4.944,2
2018-01-12,4.929,2
2018-01-13,4.908,2
2018-01-14,4.882,2
2018-01-15,4.865,2
2018-01-16,5.028,2
2018-01-17,5.239,2
2018-01-18,5.187,2
2018-01-19,5.112,2
2018-01-20,5.046,2
2018-01-21,5.026,2
2018-01-22,5.002,2
2018-01-23,4.971,2
2018-01-24,5.228,2
2018-01-25,5.387,2
2018-01-26,5.324,2
2018-01-27,5.175,2
2018-01-28,5.267,2
2018-01-29,5.36,2
2018-01-30,5.288,2
2018-01-31,5.215,2
2018-02-01,5.26,2
2018-02-02,5.322,2
2018-02-03,5.305,2
2018-02-04,5.173,2
2018-02-05,5.038,2
2018-02-06,4.963,2
2018-02-07,4.919,2
2018-02-08,4.884,2
2018-02-09,4.852,2
2018-02-10,4.822,2
2018-02-11,4.834,2
2018-02-12,5.064,2
2018-02-13,5.136,2
2018-02-14,5.063,2
2018-02-15,4.968,2
2018-02-16,4.926,2
2018-02-17,4.996,2
2018-02-18,4.986,2
2018-02-19,4.961,2
2018-02-20,4.984,2
2018-02-21,4.942,2
2018-02-22,4.893,2
2018-02-23,4.854,2
2018-02-24,4.815,2
2018-02-25,4.781,2
2018-02-26,4.747,2
2018-02-27,4.719,2
2018-02-28,4.694,2
2018-03-01,4.68,2
2018-03-02,4.675,2
2018-03-03,4.674,2
2018-03-04,4.663,2
2018-03-05,4.666,2
2018-03-06,4.717,2
2018-03-07,4.768,2
2018-03-08,4.733,2
2018-03-09,4.766,2
2018-03-10,4.794,2
2018-03-11,4.92,2
2018-03-12,5.182,2
2018-03-13,5.112,2
2018-03-14,4.989,2
2018-03-15,4.895,2
2018-03-16,4.824,2
2018-03-17,4.754,2
2018-03-18,4.714,2
2018-03-19,4.686,2
2018-03-20,4.681,2
2018-03-21,4.664,2
2018-03-22,4.7,2
2018-03-23,4.73,2
2018-03-24,4.722,2
2018-03-25,4.705,2
2018-03-26,4.682,2
2018-03-27,4.661,2
2018-03-28,4.638,2
2018-03-29,4.624,2
2018-03-30,4.611,2
2018-03-31,4.598,2
2018-04-01,4.597,2
2018-04-02,4.579,2
2018-04-03,4.612,2
2018-04-04,4.806,2
2018-04-05,4.903,2
2018-04-06,4.879,2
2018-04-07,4.771,2
2018-04-08,4.713,2
2018-04-09,4.678,2
2018-04-10,4.644,2
2018-04-11,4.611,2
2018-04-12,4.587,2
2018-04-13,4.575,2
2018-04-14,4.571,2
2018-04-15,4.56,2
2018-04-16,4.556,2
2018-04-17,4.551,2
2018-04-18,4.54,2
2018-04-19,4.531,2
2018-04-20,4.529,2
2018-04-21,4.522,2
2018-04-22,4.511,2
2018-04-23,4.518,2
2018-04-24,4.526,2
2018-04-25,4.521,2
2018-04-26,4.522,2
2018-04-27,4.504,2
2018-04-28,4.496,2
2018-04-29,4.5,2
2018-04-30,4.564,2
2018-05-01,4.785,2
2018-05-02,4.767,2
2018-05-03,4.673,2
2018-05-04,4.617,2
2018-05-05,4.567,2
2018-05-06,4.537,2
2018-05-07,4.519,2
2018-05-08,4.499,2
2018-05-09,4.483,2
2018-05-10,4.503,2
2018-05-11,4.577,2
2018-05-12,4.508,2
2018-05-13,4.473,2
2018-05-14,4.45,2
2018-05-15,4.431,2
2018-05-16,4.414,2
2018-05-17,4.391,2
2018-05-18,4.384,2
2018-05-19,4.371,2
2018-05-20,4.358,2
2018-05-21,4.349,2
2018-05-22,4.331,2
2018-05-23,4.327,2
2018-05-24,4.314,2
2018-05-25,4.299,2
2018-05-26,4.287,2
2018-05-27,4.274,2
2018-05-28,4.29,2
2018-05-29,4.281,2
2018-05-30,4.265,2
2018-05-31,4.237,2
2018-06-01,4.232,2
2018-06-02,4.222,2
2018-06-03,4.218,2
2018-06-04,4.22,2
2018-06-05,4.207,2
2018-06-06,4.196,2
2018-06-07,4.196,2
2018-06-08,4.183,2
2018-06-09,4.177,2
2018-06-10,4.18,2
2018-06-11,4.225,2
2018-06-12,4.212,2
2018-06-13,4.201,2
2018-06-14,4.19,2
2018-06-15,4.221,2
2018-06-16,4.214,2
2018-06-17,4.277,2
2018-06-18,4.303,2
2018-06-19,4.268,2
2018-06-20,4.246,2
2018-06-21,4.252,2
2018-06-22,4.236,2
2018-06-23,4.22,2
2018-06-24,4.208,2
2018-06-25,4.197,2
2018-06-26,4.184,2
2018-06-27,4.172,2
2018-06-28,4.162,2
2018-06-29,4.15,2
2018-06-30,4.139,2
2018-07-01,4.127,2
2018-07-02,4.124,2
2018-07-03,4.12,2
2018-07-04,4.118,2
2018-07-05,4.125,2
2018-07-06,4.134,2
2018-07-07,4.123,2
2018-07-08,4.113,2
2018-07-09,4.111,2
2018-07-10,4.105,2
2018-07-11,4.103,2
2018-07-12,4.098,2
2018-07-13,4.105,2
2018-07-14,4.103,2
2018-07-15,4.095,2
2018-07-16,4.094,2
2018-07-17,4.09,2
2018-07-18,4.087,2
2018-07-19,4.093,2
2018-07-20,4.088,2
2018-07-21,4.085,2
2018-07-22,4.084,2
2018-07-23,4.085,2
2018-07-24,4.089,2
2018-07-25,4.083,2
2018-07-26,4.076,2
2018-07-27,4.064,2
2018-07-28,4.07,2
2018-07-29,4.152,2
2018-07-30,4.196,2
2018-07-31,4.144,2
2018-08-01,4.124,2
2018-08-02,4.119,2
2018-08-03,4.112,2
2018-08-04,4.107,2
2018-08-05,4.103,2
2018-08-06,4.094,2
2018-08-07,4.102,2
2018-08-08,4.099,2
2018-08-09,4.1,2
2018-08-10,4.175,2
2018-08-11,4.247,2
2018-08-12,4.278,2
2018-08-13,4.393,2
2018-08-14,4.489,2
2018-08-15,4.413,2
2018-08-16,4.332,2
2018-08-17,4.3,2
2018-08-18,4.264,2
2018-08-19,4.258,2
2018-08-20,4.3,2
2018-08-21,4.298,2
2018-08-22,4.261,2
2018-08-23,4.239,2
2018-08-24,4.252,2
2018-08-25,4.286,2
2018-08-26,4.331,2
2018-08-27,4.348,2
2018-08-28,4.37,2
2018-08-29,4.34,2
2018-08-30,4.326,2
2018-08-31,4.307,2
2018-09-01,4.28,2
2018-09-02,4.26,2
2018-09-03,4.241,2
2018-09-04,4.243,2
2018-09-05,4.241,2
2018-09-06,4.228,2
2018-09-07,4.462,2
2018-09-08,4.909,2
2018-09-09,5.011,2
2018-09-10,4.997,2
2018-09-11,4.924,2
2018-09-12,4.866,2
2018-09-13,4.769,2
2018-09-14,4.672,2
2018-09-15,4.655,2
2018-09-16,4.648,2
2018-09-17,4.597,2
2018-09-18,4.566,2
2018-09-19,4.509,2
2018-09-20,4.479,2
2018-09-21,4.497,2
2018-09-22,4.541,2
2018-09-23,4.577,2
2018-09-24,4.559,2
2018-09-25,4.475,2
2018-09-26,4.448,2
2018-09-27,4.448,2
2018-09-28,4.437,2
2018-09-29,4.405,2
2018-09-30,4.388,2
2018-10-01,4.391,2
2018-10-02,4.424,2
2018-10-03,4.485,2
2018-10-04,4.46,2
2018-10-05,4.424,2
2018-10-06,4.417,2
2018-10-07,4.434,2
2018-10-08,4.439,2
2018-10-09,4.416,2
2018-10-10,4.384,2
2018-10-11,4.367,2
2018-10-12,4.358,2
2018-10-13,4.353,2
2018-10-14,4.334,2
2018-10-15,4.335,2
2018-10-16,4.32,2
2018-10-17,4.322,2
2018-10-18,4.311,2
2018-10-19,4.3,2
2018-10-20,4.304,2
2018-10-21,4.301,2
2018-10-22,4.313,2
2018-10-23,4.39,2
2018-10-24,4.47,2
2018-10-25,4.428,2
2018-10-26,4.416,2
2018-10-27,4.429,2
2018-10-28,4.395,2
2018-10-29,4.363,2
2018-10-30,4.366,2
2018-10-31,4.39,2
2018-11-01,4.376,2
2018-11-02,4.369,2
2018-11-03,4.368,2
2018-11-04,4.355,2
2018-11-05,4.345,2
2018-11-06,4.35,2
2018-11-07,4.342,2
2018-11-08,4.337,2
2018-11-09,4.326,2
2018-11-10,4.336,2
2018-11-11,4.357,2
2018-11-12,4.395,2
2018-11-13,4.416,2
2018-11-14,4.481,2
2018-11-15,4.486,2
2018-11-16,4.43,2
2018-11-17,4.391,2
2018-11-18,4.366,2
2018-11-19,4.359,2
2018-11-20,4.356,2
2018-11-21,4.343,2
2018-11-22,4.337,2
2018-11-23,4.32,2
2018-11-24,4.313,2
2018-11-25,4.308,2
2018-11-26,4.305,2
2018-11-27,4.298,2
2018-11-28,4.286,2
2018-11-29,4.318,2
2018-11-30,4.457,2
2018-12-01,4.488,2
2018-12-02,4.503,2
2018-12-03,4.626,2
2018-12-04,4.669,2
2018-12-05,4.57,2
2018-12-06,4.532,2
2018-12-07,4.642,2
2018-12-08,4.94,2
2018-12-09,5.162,2
2018-12-10,5.14,2
2018-12-11,4.877,2
2018-12-12,4.719,2
2018-12-13,4.639,2
2018-12-14,4.594,2
2018-12-15,4.563,2
2018-12-16,4.536,2
2018-12-17,4.51,2
2018-12-18,4.484,2
2018-12-19,4.471,2
2018-12-20,4.471,2
2018-12-21,4.49,2
2018-12-22,4.632,2
2018-12-23,4.789,2
2018-12-24,4.801,2
2018-12-25,4.692,2
2018-12-26,4.618,2
2018-12-27,4.582,2
2018-12-28,4.554,2
2018-12-29,4.546,2
2018-12-30,4.637,2
2018-12-31,4.619,2
2019-01-01,,2
2020-01-01,4.859,2
2020-01-02,4.836,2
2020-01-03,4.854,2
2020-01-04,4.919,2
2020-01-05,4.928,2
2020-01-06,4.882,2
2020-01-07,4.866,2
2020-01-08,4.887,2
2020-01-09,4.914,2
2020-01-10,5.118,2
2020-01-11,5.093,2
2020-01-12,5.096,2
2020-01-13,5.219,2
2020-01-14,5.207,2
2020-01-15,5.286,2
2020-01-16,5.367,2
2020-01-17,5.332,2
2020-01-18,5.257,2
2020-01-19,5.273,2
2020-01-20,5.224,2
2020-01-21,5.12,2
2020-01-22,5.045,2
2020-01-23,4.991,2
2020-01-24,4.972,2
2020-01-25,4.964,2
2020-01-26,4.936,2
2020-01-27,4.934,2
2020-01-28,5.064,2
2020-01-29,5.145,2
2020-01-30,5.164,2
2020-01-31,5.302,2
2020-02-01,5.363,2
2020-02-02,5.316,2
2020-02-03,5.223,2
2020-02-04,5.163,2
2020-02-05,5.089,2
2020-02-06,5.011,2
2020-02-07,4.962,2
2020-02-08,4.941,2
2020-02-09,5.029,2
2020-02-10,5.421,2
2020-02-11,5.579,2
2020-02-12,5.583,2
2020-02-13,5.562,2
2020-02-14,5.504,2
2020-02-15,5.41,2
2020-02-16,5.443,2
2020-02-17,5.632,2
2020-02-18,5.714,2
2020-02-19,5.627,2
2020-02-20,5.585,2
2020-02-21,5.618,2
2020-02-22,5.683,2
2020-02-23,5.696,2
2020-02-24,5.661,2
2020-02-25,5.605,2
2020-02-26,5.602,2
2020-02-27,5.574,2
2020-02-28,5.507,2
2020-02-29,5.461,2
2020-03-01,5.508,2
2020-03-02,5.563,2
2020-03-03,5.542,2
2020-03-04,5.541,2
2020-03-05,5.507,2
2020-03-06,5.421,2
2020-03-07,5.356,2
2020-03-08,5.314,2
2020-03-09,5.308,2
2020-03-10,5.308,2
2020-03-11,5.335,2
2020-03-12,5.347,2
2020-03-13,5.346,2
2020-03-14,5.319,2
2020-03-15,5.267,2
2020-03-16,5.236,2
2020-03-17,5.21,2
2020-03-18,5.209,2
2020-03-19,5.228,2
2020-03-20,5.181,2
2020-03-21,5.124,2
2020-03-22,5.078,2
2020-03-23,5.045,2
2020-03-24,5.017,2
2020-03-25,4.99,2
2020-03-26,4.963,2
2020-03-27,4.948,2
2020-03-28,4.931,2
2020-03-29,4.908,2
2020-03-30,4.893,2
2020-03-31,4.873,2
2020-04-01,4.888,2
2020-04-02,4.916,2
2020-04-03,4.91,2
2020-04-04,4.879,2
2020-04-05,4.846,2
2020-04-06,4.832,2
2020-04-07,4.817,2
2020-04-08,4.793,2
2020-04-09,4.788,2
2020-04-10,4.772,2
2020-04-11,4.764,2
2020-04-12,4.8,2
2020-04-13,4.79,2
2020-04-14,4.752,2
2020-04-15,4.738,2
2020-04-16,4.726,2
2020-04-17,4.709,2
2020-04-18,4.695,2
2020-04-19,4.68,2
2020-04-20,4.668,2
2020-04-21,4.657,2
2020-04-22,4.65,2
2020-04-23,4.644,2
2020-04-24,4.641,2
2020-04-25,4.63,2
2020-04-26,4.616,2
2020-04-27,4.629,2
2020-04-28,4.675,2
2020-04-29,4.654,2
2020-04-30,4.681,2
2020-05-01,4.812,2
2020-05-02,4.96,2
2020-05-03,4.9,2
2020-05-04,4.805,2
2020-05-05,4.733,2
2020-05-06,4.69,2
2020-05-07,4.657,2
2020-05-08,4.637,2
2020-05-09,4.622,2
2020-05-10,4.609,2
2020-05-11,4.59,2
2020-05-12,4.576,2
2020-05-13,4.585,2
2020-05-14,4.571,2
2020-05-15,4.562,2
2020-05-16,4.562,2
2020-05-17,4.566,2
2020-05-18,4.572,2
2020-05-19,4.606,2
2020-05-20,4.564,2
2020-05-21,4.542,2
2020-05-22,4.53,2
2020-05-23,4.641,2
2020-05-24,4.622,2
2020-05-25,4.584,2
2020-05-26,4.551,2
2020-05-27,4.542,2
2020-05-28,4.501,2
2020-05-29,4.483,2
2020-05-30,4.461,2
2020-05-31,4.444,2
2020-06-01,4.432,2
2020-06-02,4.419,2
2020-06-03,4.423,2
2020-06-04,4.535,2
2020-06-05,4.77,2
2020-06-06,4.812,2
2020-06-07,4.769,2
2020-06-08,4.734,2
2020-06-09,4.654,2
2020-06-10,4.59,2
2020-06-11,4.556,2
2020-06-12,4.524,2
2020-06-13,4.51,2
2020-06-14,4.503,2
2020-06-15,4.478,2
2020-06-16,4.448,2
2020-06-17,4.416,2
2020-06-18,4.4,2
2020-06-19,4.428,2
2020-06-20,4.658,2
2020-06-21,4.603,2
2020-06-22,4.576,2
2020-06-23,4.57,2
2020-06-24,4.495,2
2020-06-25,4.457,2
2020-06-26,4.427,2
2020-06-27,4.415,2
2020-06-28,4.398,2
2020-06-29,4.402,2
2020-06-30,4.467,2
2020-07-01,4.595,2
2020-07-02,4.573,2
2020-07-03,4.51,2
2020-07-04,4.598,2
2020-07-05,4.911,2
2020-07-06,4.964,2
2020-07-07,4.871,2
2020-07-08,4.766,2
2020-07-09,4.683,2
2020-07-10,4.605,2
2020-07-11,4.556,2
2020-07-12,4.52,2
2020-07-13,4.493,2
2020-07-14,4.491,2
2020-07-15,4.54,2
2020-07-16,4.528,2
2020-07-17,4.488,2
2020-07-18,4.457,2
2020-07-19,4.449,2
2020-07-20,4.44,2
2020-07-21,4.428,2
2020-07-22,4.405,2
2020-07-23,4.388,2
2020-07-24,4.468,2
2020-07-25,4.49,2
2020-07-26,4.576,2
2020-07-27,4.786,2
2020-07-28,4.765,2
2020-07-29,4.712,2
2020-07-30,4.683,2
2020-07-31,4.602,2
2020-08-01,4.54,2
2020-08-02,4.504,2
2020-08-03,4.484,2
2020-08-04,4.466,2
2020-08-05,4.437,2
2020-08-06,4.442,2
2020-08-07,4.42,2
2020-08-08,4.394,2
2020-08-09,4.381,2
2020-08-10,4.364,2
2020-08-11,4.353,2
2020-08-12,4.347,2
2020-08-13,4.336,2
2020-08-14,4.328,2
2020-08-15,4.324,2
2020-08-16,4.309,2
2020-08-17,4.31,2
2020-08-18,4.309,2
2020-08-19,4.408,2
2020-08-20,4.413,2
2020-08-21,4.425,2
2020-08-22,4.41,2
2020-08-23,4.436,2
2020-08-24,4.526,2
2020-08-25,4.498,2
2020-08-26,4.494,2
2020-08-27,4.729,2
2020-08-28,4.943,2
2020-08-29,4.854,2
2020-08-30,4.765,2
2020-08-31,4.694,2
2020-09-01,4.626,2
2020-09-02,4.563,2
2020-09-03,4.521,2
2020-09-04,4.515,2
2020-09-05,4.507,2
2020-09-06,4.515,2
2020-09-07,4.512,2
2020-09-08,4.51,2
2020-09-09,4.525,2
2020-09-10,4.532,2
2020-09-11,4.503,2
2020-09-12,4.493,2
2020-09-13,4.543,2
2020-09-14,4.531,2
2020-09-15,4.489,2
2020-09-16,4.469,2
2020-09-17,4.445,2
2020-09-18,4.428,2
2020-09-19,4.421,2
2020-09-20,4.419,2
2020-09-21,4.419,2
2020-09-22,4.417,2
2020-09-23,4.411,2
2020-09-24,4.441,2
2020-09-25,4.506,2
2020-09-26,4.521,2
2020-09-27,4.475,2
2020-09-28,4.458,2
2020-09-29,4.443,2
2020-09-30,4.423,2
2020-10-01,4.418,2
2020-10-02,4.43,2
2020-10-03,4.428,2
2020-10-04,4.46,2
2020-10-05,4.505,2
2020-10-06,4.465,2
2020-10-07,4.48,2
2020-10-08,4.512,2
2020-10-09,4.563,2
2020-10-10,4.63,2
2020-10-11,4.707,2
2020-10-12,4.666,2
2020-10-13,4.586,2
2020-10-14,4.536,2
2020-10-15,4.499,2
2020-10-16,4.471,2
2020-10-17,4.458,2
2020-10-18,4.449,2
2020-10-19,4.435,2
2020-10-20,4.429,2
2020-10-21,4.455,2
2020-10-22,4.691,2
2020-10-23,4.918,2
2020-10-24,4.897,2
2020-10-25,4.774,2
2020-10-26,4.802,2
2020-10-27,4.94,2
2020-10-28,5.13,2
2020-10-29,5.261,2
2020-10-30,5.29,2
2020-10-31,5.22,2
2020-11-01,5.135,2
2020-11-02,5.139,2
2020-11-03,5.255,2
2020-11-04,5.294,2
2020-11-05,5.196,2
2020-11-06,5.024,2
2020-11-07,4.927,2
2020-11-08,4.856,2
2020-11-09,4.799,2
2020-11-10,4.755,2
2020-11-11,4.727,2
2020-11-12,4.707,2
2020-11-13,4.695,2
2020-11-14,4.691,2
2020-11-15,4.694,2
2020-11-16,4.759,2
2020-11-17,4.85,2
2020-11-18,4.874,2
2020-11-19,4.881,2
2020-11-20,4.907,2
2020-11-21,4.864,2
2020-11-22,5.032,2
2020-11-23,5.051,2
2020-11-24,4.948,2
2020-11-25,4.88,2
2020-11-26,4.822,2
2020-11-27,4.778,2
2020-11-28,4.73,2
2020-11-29,4.695,2
2020-11-30,4.675,2
2020-12-01,4.705,2
2020-12-02,4.711,2
2020-12-03,4.688,2
2020-12-04,4.678,2
2020-12-05,4.667,2
2020-12-06,4.681,2
2020-12-07,4.692,2
2020-12-08,4.679,2
2020-12-09,4.645,2
2020-12-10,4.627,2
2020-12-11,4.649,2
2020-12-12,4.64,2
2020-12-13,4.617,2
2020-12-14,4.605,2
2020-12-15,4.643,2
2020-12-16,4.638,2
2020-12-17,4.626,2
2020-12-18,4.729,2
2020-12-19,4.735,2
2020-12-20,4.698,2
2020-12-21,4.716,2
2020-12-22,4.813,2
2020-12-23,4.822,2
2020-12-24,4.732,2
2020-12-25,4.661,2
2020-12-26,4.626,2
2020-12-27,4.883,2
2020-12-28,5.301,2
2020-12-29,5.373,2
2020-12-30,5.282,2
2020-12-31,5.136,2
2021-01-01,5.134,2
2021-01-02,5.096,2
2021-01-03,4.963,2
2021-01-04,4.875,2
2021-01-05,4.82,2
2021-01-06,4.785,2
2021-01-07,4.768,2
2021-01-08,4.762,2
2021-01-09,4.732,2
2021-01-10,4.728,2
2021-01-11,4.829,2
2021-01-12,5.17,2
2021-01-13,5.314,2
2021-01-14,5.237,2
2021-01-15,5.041,2
2021-01-16,4.908,2
2021-01-17,4.834,2
2021-01-18,4.791,2
2021-01-19,4.871,2
2021-01-20,5.115,2
2021-01-21,5.431,2
2021-01-22,5.546,2
2021-01-23,5.53,2
2021-01-24,5.433,2
2021-01-25,5.267,2
2021-01-26,5.121,2
2021-01-27,5.031,2
2021-01-28,5.048,2
2021-01-29,4.991,2
2021-01-30,4.912,2
2021-01-31,4.86,2
2021-02-01,4.823,2
2021-02-02,4.785,2
2021-02-03,4.753,2
2021-02-04,4.727,2
2021-02-05,4.697,2
2021-02-06,4.673,2
2021-02-07,4.647,2
2021-02-08,4.631,2
2021-02-09,4.627,2
2021-02-10,4.616,2
2021-02-11,4.593,2
2021-02-12,4.569,2
2021-02-13,4.549,2
2021-02-14,4.537,2
2021-02-15,4.537,2
2021-02-16,4.557,2
2021-02-17,4.732,2
2021-02-18,4.969,2
2021-02-19,5.019,2
2021-02-20,5.013,2
2021-02-21,4.882,2
2021-02-22,4.823,2
2021-02-23,4.787,2
2021-02-24,4.787,2
2021-02-25,4.783,2
2021-02-26,4.761,2
2021-02-27,4.713,2
2021-02-28,4.69,2
2021-03-01,4.667,2
2021-03-02,4.648,2
2021-03-03,4.633,2
2021-03-04,4.623,2
2021-03-05,4.598,2
2021-03-06,4.586,2
2021-03-07,4.582,2
2021-03-08,4.563,2
2021-03-09,4.547,2
2021-03-10,4.541,2
2021-03-11,4.772,2
2021-03-12,5.206,2
2021-03-13,5.184,2
2021-03-14,5.141,2
2021-03-15,5.039,2
2021-03-16,4.94,2
2021-03-17,4.843,2
2021-03-18,4.774,2
2021-03-19,4.73,2
2021-03-20,4.688,2
2021-03-21,4.685,2
2021-03-22,4.66,2
2021-03-23,4.63,2
2021-03-24,4.617,2
2021-03-25,4.617,2
2021-03-26,4.608,2
2021-03-27,4.617,2
2021-03-28,4.649,2
2021-03-29,4.798,2
2021-03-30,4.863,2
2021-03-31,4.759,2
2021-04-01,4.692,2
2021-04-02,4.641,2
2021-04-03,4.607,2
2021-04-04,4.585,2
2021-04-05,4.622,2
2021-04-06,4.634,2
2021-04-07,4.589,2
2021-04-08,4.567,2
2021-04-09,4.606,2
2021-04-10,4.608,2
2021-04-11,4.586,2
2021-04-12,4.652,2
2021-04-13,4.639,2
2021-04-14,4.595,2
2021-04-15,4.561,2
2021-04-16,4.538,2
2021-04-17,4.522,2
2021-04-18,4.511,2
2021-04-19,4.5,2
2021-04-20,4.492,2
2021-04-21,4.491,2
2021-04-22,4.472,2
2021-04-23,4.453,2
2021-04-24,4.439,2
2021-04-25,4.429,2
2021-04-26,4.427,2
2021-04-27,4.422,2
2021-04-28,4.421,2
2021-04-29,4.416,2
2021-04-30,4.41,2
2021-05-01,4.476,2
2021-05-02,4.49,2
2021-05-03,4.47,2
2021-05-04,4.489,2
2021-05-05,4.602,2
2021-05-06,4.57,2
2021-05-07,4.55,2
2021-05-08,4.546,2
2021-05-09,4.574,2
2021-05-10,4.673,2
2021-05-11,4.636,2
2021-05-12,4.58,2
2021-05-13,4.6,2
2021-05-14,4.572,2
2021-05-15,4.538,2
2021-05-16,4.513,2
2021-05-17,4.553,2
2021-05-18,4.534,2
2021-05-19,4.504,2
2021-05-20,4.494,2
2021-05-21,4.481,2
2021-05-22,4.529,2
2021-05-23,4.609,2
2021-05-24,4.682,2
2021-05-25,4.855,2
2021-05-26,5.174,2
2021-05-27,5.331,2
2021-05-28,5.223,2
2021-05-29,4.994,2
2021-05-30,4.831,2
2021-05-31,4.734,2
2021-06-01,4.658,2
2021-06-02,4.618,2
2021-06-03,4.67,2
2021-06-04,4.76,2
2021-06-05,4.658,2
2021-06-06,4.59,2
2021-06-07,4.571,2
2021-06-08,4.574,2
2021-06-09,4.529,2
2021-06-10,4.498,2
2021-06-11,4.472,2
2021-06-12,4.455,2
2021-06-13,4.431,2
2021-06-14,4.414,2
2021-06-15,4.401,2
2021-06-16,4.387,2
2021-06-17,4.367,2
2021-06-18,4.345,2
2021-06-19,4.346,2
2021-06-20,4.371,2
2021-06-21,4.439,2
2021-06-22,4.409,2
2021-06-23,4.371,2
2021-06-24,4.348,2
2021-06-25,4.338,2
2021-06-26,4.322,2
2021-06-27,4.315,2
2021-06-28,4.303,2
2021-06-29,4.285,2
2021-06-30,4.283,2
2021-07-01,4.277,2
2021-07-02,4.269,2
2021-07-03,4.263,2
2021-07-04,4.266,2
2021-07-05,4.265,2
2021-07-06,4.337,2
2021-07-07,4.38,2
2021-07-08,4.357,2
2021-07-09,4.311,2
2021-07-10,4.364,2
2021-07-11,4.315,2
2021-07-12,4.29,2
2021-07-13,4.278,2
2021-07-14,4.251,2
2021-07-15,4.246,2
2021-07-16,4.25,2
2021-07-17,4.234,2
2021-07-18,4.213,2
2021-07-19,4.202,2
2021-07-20,4.19,2
2021-07-21,4.182,2
2021-07-22,4.187,2
2021-07-23,4.181,2
2021-07-24,4.176,2
2021-07-25,4.172,2
2021-07-26,4.182,2
2021-07-27,4.252,2
2021-07-28,4.325,2
2021-07-29,4.337,2
2021-07-30,4.395,2
2021-07-31,4.404,2
2021-08-01,4.354,2
2021-08-02,4.327,2
2021-08-03,4.294,2
2021-08-04,4.273,2
2021-08-05,4.261,2
2021-08-06,4.268,2
2021-08-07,4.36,2
2021-08-08,4.465,2
2021-08-09,4.469,2
2021-08-10,4.442,2
2021-08-11,4.541,2
2021-08-12,4.536,2
2021-08-13,4.439,2
2021-08-14,4.398,2
2021-08-15,4.378,2
2021-08-16,4.444,2
2021-08-17,4.601,2
2021-08-18,4.564,2
2021-08-19,4.496,2
2021-08-20,4.449,2
2021-08-21,4.407,2
2021-08-22,4.389,2
2021-08-23,4.358,2
2021-08-24,4.34,2
2021-08-25,4.348,2
2021-08-26,4.342,2
2021-08-27,4.322,2
2021-08-28,4.305,2
2021-08-29,4.295,2
2021-08-30,4.284,2
2021-08-31,4.276,2
2021-09-01,4.26,2
2021-09-02,4.265,2
2021-09-03,4.254,2
2021-09-04,4.25,2
2021-09-05,4.237,2
2021-09-06,4.228,2
2021-09-07,4.229,2
2021-09-08,4.232,2
2021-09-09,4.229,2
2021-09-10,4.228,2
2021-09-11,4.291,2
2021-09-12,4.471,2
2021-09-13,4.411,2
2021-09-14,4.356,2
2021-09-15,4.368,2
2021-09-16,4.534,2
2021-09-17,4.496,2
2021-09-18,4.42,2
2021-09-19,4.382,2
2021-09-20,4.35,2
2021-09-21,4.338,2
2021-09-22,4.333,2
2021-09-23,4.342,2
2021-09-24,4.355,2
2021-09-25,4.349,2
2021-09-26,4.327,2
2021-09-27,4.314,2
2021-09-28,4.352,2
2021-09-29,4.357,2
2021-09-30,4.397,2
2021-10-01,4.794,2
2021-10-02,5.152,2
2021-10-03,5.222,2
2021-10-04,5.232,2
2021-10-05,5.256,2
2021-10-06,5.177,2
2021-10-07,4.978,2
2021-10-08,4.81,2
2021-10-09,4.716,2
2021-10-10,4.649,2
2021-10-11,4.619,2
2021-10-12,4.599,2
2021-10-13,4.564,2
2021-10-14,4.546,2
2021-10-15,4.571,2
2021-10-16,4.568,2
2021-10-17,4.526,2
2021-10-18,4.524,2
2021-10-19,4.557,2
2021-10-20,4.778,2
2021-10-21,5.147,2
2021-10-22,5.166,2
2021-10-23,5.106,2
2021-10-24,4.942,2
2021-10-25,4.821,2
2021-10-26,4.822,2
2021-10-27,4.868,2
2021-10-28,4.829,2
2021-10-29,4.774,2
2021-10-30,4.709,2
2021-10-31,4.695,2
2021-11-01,4.796,2
2021-11-02,4.889,2
2021-11-03,4.767,2
2021-11-04,4.687,2
2021-11-05,4.641,2
2021-11-06,4.618,2
2021-11-07,4.724,2
2021-11-08,5.008,2
2021-11-09,5.0,2
2021-11-10,4.888,2
2021-11-11,4.902,2
2021-11-12,4.826,2
2021-11-13,4.763,2
2021-11-14,4.712,2
2021-11-15,4.667,2
2021-11-16,4.647,2
2021-11-17,4.652,2
2021-11-18,4.746,2
2021-11-19,4.845,2
2021-11-20,4.823,2
2021-11-21,4.768,2
2021-11-22,4.725,2
2021-11-23,4.673,2
2021-11-24,4.649,2
2021-11-25,4.656,2
2021-11-26,4.666,2
2021-11-27,4.657,2
2021-11-28,4.654,2
2021-11-29,4.63,2
2021-11-30,4.639,2
2021-12-01,4.782,2
2021-12-02,5.191,2
2021-12-03,5.26,2
2021-12-04,5.247,2
2021-12-05,5.232,2
2021-12-06,5.065,2
2021-12-07,4.931,2
2021-12-08,4.862,2
2021-12-09,4.829,2
2021-12-10,4.779,2
2021-12-11,4.735,2
2021-12-12,4.724,2
2021-12-13,4.772,2
2021-12-14,4.815,2
2021-12-15,4.861,2
2021-12-16,4.79,2
2021-12-17,4.731,2
2021-12-18,4.704,2
2021-12-19,4.687,2
2021-12-20,4.652,2
2021-12-21,4.619,2
2021-12-22,4.604,2
2021-12-23,4.61,2
2021-12-24,4.614,2
2021-12-25,4.578,2
2021-12-26,4.536,2
2021-12-27,4.515,2
2021-12-28,4.52,2
2021-12-29,4.525,2
2021-12-30,4.574,2
2021-12-31,4.71,2
2022-01-01,4.986,2
2022-01-02,4.995,2
2022-01-03,4.987,2
2022-01-04,4.975,2
2022-01-05,4.979,2
2022-01-06,4.98,2
2022-01-07,4.897,2
2022-01-08,5.074,2
2022-01-09,5.258,2
2022-01-10,5.311,2
2022-01-11,5.213,2
2022-01-12,5.06,2
2022-01-13,4.969,2
2022-01-14,4.898,2
2022-01-15,4.826,2
2022-01-16,4.789,2
2022-01-17,4.789,2
2022-01-18,4.748,2
2022-01-19,4.725,2
2022-01-20,4.749,2
2022-01-21,4.694,2
2022-01-22,4.667,2
2022-01-23,4.663,2
2022-01-24,4.654,2
2022-01-25,4.652,2
2022-01-26,4.652,2
2022-01-27,4.735,2
2022-01-28,4.784,2
2022-01-29,4.806,2
2022-01-30,4.909,2
2022-01-31,4.77,2
2022-02-01,4.77,2
2022-02-02,4.888,2
2022-02-03,4.898,2
2022-02-04,5.072,2
2022-02-05,5.15,2
2022-02-06,5.204,2
2022-02-07,5.299,2
2022-02-08,5.225,2
2022-02-09,5.1,2
2022-02-10,4.998,2
2022-02-11,4.939,2
2022-02-12,4.905,2
2022-02-13,4.885,2
2022-02-14,4.97,2
2022-02-15,5.097,2
2022-02-16,5.144,2
2022-02-17,5.351,2
2022-02-18,5.485,2
2022-02-19,5.503,2
2022-02-20,5.488,2
2022-02-21,5.491,2
2022-02-22,5.561,2
2022-02-23,5.531,2
2022-02-24,5.435,2
2022-02-25,5.409,2
2022-02-26,5.41,2
2022-02-27,5.323,2
2022-02-28,5.23,2
2022-03-01,5.148,2
2022-03-02,5.073,2
2022-03-03,5.028,2
2022-03-04,4.978,2
2022-03-05,4.934,2
2022-03-06,4.899,2
2022-03-07,4.867,2
2022-03-08,4.843,2
2022-03-09,4.83,2
2022-03-10,4.803,2
2022-03-11,4.782,2
2022-03-12,4.76,2
2022-03-13,4.741,2
2022-03-14,4.724,2
2022-03-15,4.718,2
2022-03-16,4.71,2
2022-03-17,4.704,2
2022-03-18,4.717,2
2022-03-19,4.685,2
2022-03-20,4.669,2
2022-03-21,4.662,2
2022-03-22,4.652,2
2022-03-23,4.643,2
2022-03-24,4.635,2
2022-03-25,4.626,2
2022-03-26,4.62,2
2022-03-27,4.607,2
2022-03-28,4.602,2
2022-03-29,4.598,2
2022-03-30,4.585,2
2022-03-31,4.571,2
2022-04-01,4.558,2
2022-04-02,4.546,2
2022-04-03,4.546,2
2022-04-04,4.643,2
2022-04-05,4.779,2
2022-04-06,4.722,2
2022-04-07,4.808,2
2022-04-08,4.89,2
2022-04-09,4.815,2
2022-04-10,4.725,2
2022-04-11,4.658,2
2022-04-12,4.619,2
2022-04-13,4.6,2
2022-04-14,4.594,2
2022-04-15,4.571,2
2022-04-16,4.554,2
2022-04-17,4.542,2
2022-04-18,4.53,2
2022-04-19,4.522,2
2022-04-20,4.514,2
2022-04-21,4.495,2
2022-04-22,4.481,2
2022-04-23,4.472,2
2022-04-24,4.465,2
2022-04-25,4.456,2
2022-04-26,4.447,2
2022-04-27,4.447,2
2022-04-28,4.437,2
2022-04-29,4.427,2
2022-04-30,4.42,2
2022-05-01,4.409,2
2022-05-02,4.401,2
2022-05-03,4.403,2
2022-05-04,4.388,2
2022-05-05,4.379,2
2022-05-06,4.375,2
2022-05-07,4.375,2
2022-05-08,4.357,2
2022-05-09,4.344,2
2022-05-10,4.359,2
2022-05-11,4.407,2
2022-05-12,4.428,2
2022-05-13,4.402,2
2022-05-14,4.385,2
2022-05-15,4.35,2
2022-05-16,4.349,2
2022-05-17,4.338,2
2022-05-18,4.324,2
2022-05-19,4.313,2
2022-05-20,4.328,2
2022-05-21,4.37,2
2022-05-22,4.37,2
2022-05-23,4.337,2
2022-05-24,4.357,2
2022-05-25,4.386,2
2022-05-26,4.375,2
2022-05-27,4.382,2
2022-05-28,4.399,2
2022-05-29,4.365,2
2022-05-30,4.342,2
2022-05-31,4.35,2
2022-06-01,4.348,2
2022-06-02,4.336,2
2022-06-03,4.332,2
2022-06-04,4.321,2
2022-06-05,4.31,2
2022-06-06,4.314,2
2022-06-07,4.406,2
2022-06-08,4.477,2
2022-06-09,4.464,2
2022-06-10,4.499,2
2022-06-11,4.447,2
2022-06-12,4.399,2
2022-06-13,4.376,2
2022-06-14,4.359,2
2022-06-15,4.341,2
2022-06-16,4.326,2
2022-06-17,4.31,2
2022-06-18,4.305,2
2022-06-19,4.298,2
2022-06-20,4.307,2
2022-06-21,4.317,2
2022-06-22,4.294,2
2022-06-23,4.28,2
2022-06-24,4.268,2
2022-06-25,4.257,2
2022-06-26,,2
2022-07-06,4.327,2
2022-07-07,4.343,2
2022-07-08,4.338,2
2022-07-09,4.308,2
2022-07-10,4.29,2
2022-07-11,4.274,2
2022-07-12,4.265,2
2022-07-13,4.253,2
2022-07-14,4.241,2
2022-07-15,4.238,2
2022-07-16,4.236,2
2022-07-17,4.227,2
2022-07-18,4.222,2
2022-07-19,4.216,2
2022-07-20,4.208,2
2022-07-21,4.201,2
2022-07-22,4.209,2
2022-07-23,4.222,2
2022-07-24,4.231,2
2022-07-25,4.245,2
2022-07-26,4.305,2
2022-07-27,4.285,2
2022-07-28,4.25,2
2022-07-29,4.233,2
2022-07-30,4.233,2
2022-07-31,4.231,2
2022-08-01,4.263,2
2022-08-02,4.268,2
2022-08-03,4.311,2
2022-08-04,4.325,2
2022-08-05,4.331,2
2022-08-06,4.305,2
2022-08-07,4.28,2
2022-08-08,4.283,2
2022-08-09,4.267,2
2022-08-10,4.253,2
2022-08-11,4.243,2
2022-08-12,4.231,2
2022-08-13,4.218,2
2022-08-14,4.207,2
2022-08-15,4.201,2
2022-08-16,4.196,2
2022-08-17,4.195,2
2022-08-18,4.2,2
2022-08-19,4.209,2
2022-08-20,4.207,2
2022-08-21,4.219,2
2022-08-22,4.28,2
2022-08-23,4.266,2
2022-08-24,4.221,2
2022-08-25,4.205,2
2022-08-26,4.376,2
2022-08-27,5.194,2
2022-08-28,4.762,2
2022-08-29,4.531,2
2022-08-30,4.441,2
2022-08-31,4.373,2
2022-09-01,4.337,2
2022-09-02,4.315,2
2022-09-03,4.298,2
2022-09-04,4.282,2
2022-09-05,4.272,2
2022-09-06,4.261,2
2022-09-07,4.255,2
2022-09-08,4.288,2
2022-09-09,4.366,2
2022-09-10,4.442,2
2022-09-11,4.392,2
2022-09-12,4.345,2
2022-09-13,4.438,2
2022-09-14,4.521,2
2022-09-15,4.443,2
2022-09-16,4.385,2
2022-09-17,4.363,2
2022-09-18,4.357,2
2022-09-19,4.338,2
2022-09-20,4.319,2
2022-09-21,4.301,2
2022-09-22,4.294,2
2022-09-23,4.288,2
2022-09-24,4.291,2
2022-09-25,4.281,2
2022-09-26,4.307,2
2022-09-27,4.444,2
2022-09-28,4.481,2
2022-09-29,4.464,2
2022-09-30,4.431,2
2022-10-01,4.408,2
2022-10-02,4.456,2
2022-10-03,4.447,2
2022-10-04,4.417,2
2022-10-05,4.388,2
2022-10-06,4.415,2
2022-10-07,4.439,2
2022-10-08,4.522,2
2022-10-09,4.58,2
2022-10-10,4.517,2
2022-10-11,4.523,2
2022-10-12,4.501,2
2022-10-13,4.463,2
2022-10-14,4.441,2
2022-10-15,4.426,2
2022-10-16,4.423,2
2022-10-17,4.423,2
2022-10-18,4.441,2
2022-10-19,4.431,2
2022-10-20,4.4,2
2022-10-21,4.417,2
2022-10-22,4.522,2
2022-10-23,4.559,2
2022-10-24,4.566,2
2022-10-25,4.66,2
2022-10-26,4.672,2
2022-10-27,4.596,2
2022-10-28,4.567,2
2022-10-29,4.546,2
2022-10-30,4.508,2
2022-10-31,4.495,2
2022-11-01,4.499,2
2022-11-02,4.508,2
2022-11-03,4.561,2
2022-11-04,4.55,2
2022-11-05,4.526,2
2022-11-06,4.569,2
2022-11-07,4.73,2
2022-11-08,4.893,2
2022-11-09,4.858,2
2022-11-10,4.869,2
2022-11-11,4.952,2
2022-11-12,4.804,2
2022-11-13,4.684,2
2022-11-14,4.628,2
2022-11-15,4.596,2
2022-11-16,4.56,2
2022-11-17,4.525,2
2022-11-18,4.496,2
2022-11-19,4.48,2
2022-11-20,4.458,2
2022-11-21,4.451,2
2022-11-22,4.446,2
2022-11-23,4.446,2
2022-11-24,4.454,2
2022-11-25,4.453,2
2022-11-26,4.46,2
2022-11-27,4.46,2
2022-11-28,4.48,2
2022-11-29,4.581,2
2022-11-30,4.643,2
2022-12-01,4.591,2
2022-12-02,4.533,2
2022-12-03,4.504,2
2022-12-04,,2
2022-12-06,4.453,2
2022-12-07,4.444,2
2022-12-08,4.426,2
2022-12-09,4.423,2
2022-12-10,4.425,2
2022-12-11,4.423,2
2022-12-12,4.409,2
2022-12-13,4.396,2
2022-12-14,4.404,2
2022-12-15,4.405,2
2022-12-16,4.372,2
2022-12-17,4.36,2
2022-12-18,4.609,2
2022-12-19,4.969,2
2022-12-20,5.098,2
2022-12-21,5.286,2
2022-12-22,5.267,2
2022-12-23,5.131,2
2022-12-24,4.932,2
2022-12-25,4.817,2
2022-12-26,4.852,2
2022-12-27,4.944,2
2022-12-28,5.054,2
2022-12-29,5.287,2
2022-12-30,5.382,2
2022-12-31,5.378,2
